ems_site_name,meter_name,date_time,value
SP,S1 GF RAW POWER INC1,11/1/2015 0:00,3.144
SP,S1 GF RAW POWER INC1,11/1/2015 1:00,3.178
SP,S1 GF RAW POWER INC1,11/1/2015 2:00,3.252
SP,S1 GF RAW POWER INC1,11/1/2015 3:00,3.204
SP,S1 GF RAW POWER INC1,11/1/2015 4:00,3.234
SP,S1 GF RAW POWER INC1,11/1/2015 5:00,3.102
SP,S1 GF RAW POWER INC1,11/1/2015 6:00,3.132
SP,S1 GF RAW POWER INC1,11/1/2015 7:00,3.094
SP,S1 GF RAW POWER INC1,11/1/2015 8:00,3.134
SP,S1 GF RAW POWER INC1,11/1/2015 9:00,3.524
SP,S1 GF RAW POWER INC1,11/1/2015 10:00,3.238
SP,S1 GF RAW POWER INC1,11/1/2015 11:00,3.202
SP,S1 GF RAW POWER INC1,11/1/2015 12:00,3.276
SP,S1 GF RAW POWER INC1,11/1/2015 13:00,3.364
SP,S1 GF RAW POWER INC1,11/1/2015 14:00,3.108
SP,S1 GF RAW POWER INC1,11/1/2015 15:00,3.244
SP,S1 GF RAW POWER INC1,11/1/2015 16:00,3.1
SP,S1 GF RAW POWER INC1,11/1/2015 17:00,3.042
SP,S1 GF RAW POWER INC1,11/1/2015 18:00,3.182
SP,S1 GF RAW POWER INC1,11/1/2015 19:00,3.056
SP,S1 GF RAW POWER INC1,11/1/2015 20:00,3.302
SP,S1 GF RAW POWER INC1,11/1/2015 21:00,3.198
SP,S1 GF RAW POWER INC1,11/1/2015 22:00,3.164
SP,S1 GF RAW POWER INC1,11/1/2015 23:00,3.212
SP,S1 GF RAW POWER INC1,11/2/2015 0:00,3.166
SP,S1 GF RAW POWER INC1,11/2/2015 1:00,3.106
SP,S1 GF RAW POWER INC1,11/2/2015 2:00,3.32
SP,S1 GF RAW POWER INC1,11/2/2015 3:00,3.252
SP,S1 GF RAW POWER INC1,11/2/2015 4:00,3.226
SP,S1 GF RAW POWER INC1,11/2/2015 5:00,4.028
SP,S1 GF RAW POWER INC1,11/2/2015 6:00,19.966
SP,S1 GF RAW POWER INC1,11/2/2015 7:00,20.62
SP,S1 GF RAW POWER INC1,11/2/2015 8:00,15.694
SP,S1 GF RAW POWER INC1,11/2/2015 9:00,15.694
SP,S1 GF RAW POWER INC1,11/2/2015 10:00,15.694
SP,S1 GF RAW POWER INC1,11/2/2015 11:00,15.694
SP,S1 GF RAW POWER INC1,11/2/2015 12:00,15.694
SP,S1 GF RAW POWER INC1,11/2/2015 13:00,15.694
SP,S1 GF RAW POWER INC1,11/2/2015 14:00,15.694
SP,S1 GF RAW POWER INC1,11/2/2015 15:00,15.694
SP,S1 GF RAW POWER INC1,11/2/2015 16:00,15.694
SP,S1 GF RAW POWER INC1,11/2/2015 17:00,19.186
SP,S1 GF RAW POWER INC1,11/2/2015 18:00,18.484
SP,S1 GF RAW POWER INC1,11/2/2015 19:00,17.164
SP,S1 GF RAW POWER INC1,11/2/2015 20:00,17.27
SP,S1 GF RAW POWER INC1,11/2/2015 21:00,16.66
SP,S1 GF RAW POWER INC1,11/2/2015 22:00,16.696
SP,S1 GF RAW POWER INC1,11/2/2015 23:00,5.774
SP,S1 GF RAW POWER INC1,11/3/2015 0:00,3.776
SP,S1 GF RAW POWER INC1,11/3/2015 1:00,3.226
SP,S1 GF RAW POWER INC1,11/3/2015 2:00,3.188
SP,S1 GF RAW POWER INC1,11/3/2015 3:00,3.148
SP,S1 GF RAW POWER INC1,11/3/2015 4:00,3.12
SP,S1 GF RAW POWER INC1,11/3/2015 5:00,3.458
SP,S1 GF RAW POWER INC1,11/3/2015 6:00,5.224
SP,S1 GF RAW POWER INC1,11/3/2015 7:00,7.582
SP,S1 GF RAW POWER INC1,11/3/2015 8:00,21.138
SP,S1 GF RAW POWER INC1,11/3/2015 9:00,20.746
SP,S1 GF RAW POWER INC1,11/3/2015 10:00,20.816
SP,S1 GF RAW POWER INC1,11/3/2015 11:00,20.746
SP,S1 GF RAW POWER INC1,11/3/2015 12:00,20.834
SP,S1 GF RAW POWER INC1,11/3/2015 13:00,20.296
SP,S1 GF RAW POWER INC1,11/3/2015 14:00,20.496
SP,S1 GF RAW POWER INC1,11/3/2015 15:00,21.188
SP,S1 GF RAW POWER INC1,11/3/2015 16:00,19.638
SP,S1 GF RAW POWER INC1,11/3/2015 17:00,19.332
SP,S1 GF RAW POWER INC1,11/3/2015 18:00,17.764
SP,S1 GF RAW POWER INC1,11/3/2015 19:00,17.058
SP,S1 GF RAW POWER INC1,11/3/2015 20:00,16.838
SP,S1 GF RAW POWER INC1,11/3/2015 21:00,16.912
SP,S1 GF RAW POWER INC1,11/3/2015 22:00,16.552
SP,S1 GF RAW POWER INC1,11/3/2015 23:00,14.354
SP,S1 GF RAW POWER INC1,11/4/2015 0:00,5.466
SP,S1 GF RAW POWER INC1,11/4/2015 1:00,6.738
SP,S1 GF RAW POWER INC1,11/4/2015 2:00,6.742
SP,S1 GF RAW POWER INC1,11/4/2015 3:00,6.544
SP,S1 GF RAW POWER INC1,11/4/2015 4:00,6.698
SP,S1 GF RAW POWER INC1,11/4/2015 5:00,6.396
SP,S1 GF RAW POWER INC1,11/4/2015 6:00,6.696
SP,S1 GF RAW POWER INC1,11/4/2015 7:00,12.412
SP,S1 GF RAW POWER INC1,11/4/2015 8:00,19.296
SP,S1 GF RAW POWER INC1,11/4/2015 9:00,19.332
SP,S1 GF RAW POWER INC1,11/4/2015 10:00,19.674
SP,S1 GF RAW POWER INC1,11/4/2015 11:00,19.782
SP,S1 GF RAW POWER INC1,11/4/2015 12:00,19.904
SP,S1 GF RAW POWER INC1,11/4/2015 13:00,19.636
SP,S1 GF RAW POWER INC1,11/4/2015 14:00,19.746
SP,S1 GF RAW POWER INC1,11/4/2015 15:00,19.352
SP,S1 GF RAW POWER INC1,11/4/2015 16:00,19.208
SP,S1 GF RAW POWER INC1,11/4/2015 17:00,19.034
SP,S1 GF RAW POWER INC1,11/4/2015 18:00,18.38
SP,S1 GF RAW POWER INC1,11/4/2015 19:00,16.846
SP,S1 GF RAW POWER INC1,11/4/2015 20:00,16.318
SP,S1 GF RAW POWER INC1,11/4/2015 21:00,16.096
SP,S1 GF RAW POWER INC1,11/4/2015 22:00,16.492
SP,S1 GF RAW POWER INC1,11/4/2015 23:00,11.01
SP,S1 GF RAW POWER INC1,11/5/2015 0:00,9.346
SP,S1 GF RAW POWER INC1,11/5/2015 1:00,3.782
SP,S1 GF RAW POWER INC1,11/5/2015 2:00,4.796
SP,S1 GF RAW POWER INC1,11/5/2015 3:00,4.692
SP,S1 GF RAW POWER INC1,11/5/2015 4:00,3.74
SP,S1 GF RAW POWER INC1,11/5/2015 5:00,19.532
SP,S1 GF RAW POWER INC1,11/5/2015 6:00,19.532
SP,S1 GF RAW POWER INC1,11/5/2015 7:00,19.532
SP,S1 GF RAW POWER INC1,11/5/2015 8:00,19.532
SP,S1 GF RAW POWER INC1,11/5/2015 9:00,19.532
SP,S1 GF RAW POWER INC1,11/5/2015 10:00,19.532
SP,S1 GF RAW POWER INC1,11/5/2015 11:00,19.532
SP,S1 GF RAW POWER INC1,11/5/2015 12:00,19.532
SP,S1 GF RAW POWER INC1,11/5/2015 13:00,19.532
SP,S1 GF RAW POWER INC1,11/5/2015 14:00,19.532
SP,S1 GF RAW POWER INC1,11/5/2015 15:00,19.532
SP,S1 GF RAW POWER INC1,11/5/2015 16:00,19.232
SP,S1 GF RAW POWER INC1,11/5/2015 17:00,19.386
SP,S1 GF RAW POWER INC1,11/5/2015 18:00,16.912
SP,S1 GF RAW POWER INC1,11/5/2015 19:00,14.11
SP,S1 GF RAW POWER INC1,11/5/2015 20:00,16.304
SP,S1 GF RAW POWER INC1,11/5/2015 21:00,16.382
SP,S1 GF RAW POWER INC1,11/5/2015 22:00,16.332
SP,S1 GF RAW POWER INC1,11/5/2015 23:00,12.074
SP,S1 GF RAW POWER INC1,11/6/2015 0:00,7.916
SP,S1 GF RAW POWER INC1,11/6/2015 1:00,4.648
SP,S1 GF RAW POWER INC1,11/6/2015 2:00,4.464
SP,S1 GF RAW POWER INC1,11/6/2015 3:00,4.892
SP,S1 GF RAW POWER INC1,11/6/2015 4:00,4.612
SP,S1 GF RAW POWER INC1,11/6/2015 5:00,4.782
SP,S1 GF RAW POWER INC1,11/6/2015 6:00,4.642
SP,S1 GF RAW POWER INC1,11/6/2015 7:00,7.972
SP,S1 GF RAW POWER INC1,11/6/2015 8:00,20.658
SP,S1 GF RAW POWER INC1,11/6/2015 9:00,20.412
SP,S1 GF RAW POWER INC1,11/6/2015 10:00,20.208
SP,S1 GF RAW POWER INC1,11/6/2015 11:00,20.246
SP,S1 GF RAW POWER INC1,11/6/2015 12:00,21.144
SP,S1 GF RAW POWER INC1,11/6/2015 13:00,20.312
SP,S1 GF RAW POWER INC1,11/6/2015 14:00,19.32
SP,S1 GF RAW POWER INC1,11/6/2015 15:00,20.2
SP,S1 GF RAW POWER INC1,11/6/2015 16:00,20.046
SP,S1 GF RAW POWER INC1,11/6/2015 17:00,19.486
SP,S1 GF RAW POWER INC1,11/6/2015 18:00,18.632
SP,S1 GF RAW POWER INC1,11/6/2015 19:00,16.446
SP,S1 GF RAW POWER INC1,11/6/2015 20:00,16.234
SP,S1 GF RAW POWER INC1,11/6/2015 21:00,16.086
SP,S1 GF RAW POWER INC1,11/6/2015 22:00,12.068
SP,S1 GF RAW POWER INC1,11/6/2015 23:00,5.864
SP,S1 GF RAW POWER INC1,11/7/2015 0:00,3.054
SP,S1 GF RAW POWER INC1,11/7/2015 1:00,3.088
SP,S1 GF RAW POWER INC1,11/7/2015 2:00,3.156
SP,S1 GF RAW POWER INC1,11/7/2015 3:00,3.182
SP,S1 GF RAW POWER INC1,11/7/2015 4:00,3.116
SP,S1 GF RAW POWER INC1,11/7/2015 5:00,3.082
SP,S1 GF RAW POWER INC1,11/7/2015 6:00,3.02
SP,S1 GF RAW POWER INC1,11/7/2015 7:00,3.37
SP,S1 GF RAW POWER INC1,11/7/2015 8:00,3.134
SP,S1 GF RAW POWER INC1,11/7/2015 9:00,2.286
SP,S1 GF RAW POWER INC1,11/7/2015 10:00,4.062
SP,S1 GF RAW POWER INC1,11/7/2015 11:00,3.124
SP,S1 GF RAW POWER INC1,11/7/2015 12:00,3.11
SP,S1 GF RAW POWER INC1,11/7/2015 13:00,3.13
SP,S1 GF RAW POWER INC1,11/7/2015 14:00,3.172
SP,S1 GF RAW POWER INC1,11/7/2015 15:00,3.15
SP,S1 GF RAW POWER INC1,11/7/2015 16:00,3.084
SP,S1 GF RAW POWER INC1,11/7/2015 17:00,3.064
SP,S1 GF RAW POWER INC1,11/7/2015 18:00,3.448
SP,S1 GF RAW POWER INC1,11/7/2015 19:00,3.06
SP,S1 GF RAW POWER INC1,11/7/2015 20:00,3.096
SP,S1 GF RAW POWER INC1,11/7/2015 21:00,3.088
SP,S1 GF RAW POWER INC1,11/7/2015 22:00,3.116
SP,S1 GF RAW POWER INC1,11/7/2015 23:00,6.318
SP,S1 GF RAW POWER INC1,11/8/2015 0:00,12.718
SP,S1 GF RAW POWER INC1,11/8/2015 1:00,3.114
SP,S1 GF RAW POWER INC1,11/8/2015 2:00,3.204
SP,S1 GF RAW POWER INC1,11/8/2015 3:00,3.102
SP,S1 GF RAW POWER INC1,11/8/2015 4:00,3.07
SP,S1 GF RAW POWER INC1,11/8/2015 5:00,3.15
SP,S1 GF RAW POWER INC1,11/8/2015 6:00,3.058
SP,S1 GF RAW POWER INC1,11/8/2015 7:00,3.324
SP,S1 GF RAW POWER INC1,11/8/2015 8:00,3.064
SP,S1 GF RAW POWER INC1,11/8/2015 9:00,3.07
SP,S1 GF RAW POWER INC1,11/8/2015 10:00,3.114
SP,S1 GF RAW POWER INC1,11/8/2015 11:00,3.058
SP,S1 GF RAW POWER INC1,11/8/2015 12:00,3.156
SP,S1 GF RAW POWER INC1,11/8/2015 13:00,3.108
SP,S1 GF RAW POWER INC1,11/8/2015 14:00,3.198
SP,S1 GF RAW POWER INC1,11/8/2015 15:00,3.128
SP,S1 GF RAW POWER INC1,11/8/2015 16:00,3.104
SP,S1 GF RAW POWER INC1,11/8/2015 17:00,3.116
SP,S1 GF RAW POWER INC1,11/8/2015 18:00,3.116
SP,S1 GF RAW POWER INC1,11/8/2015 19:00,3.286
SP,S1 GF RAW POWER INC1,11/8/2015 20:00,3.262
SP,S1 GF RAW POWER INC1,11/8/2015 21:00,3.076
SP,S1 GF RAW POWER INC1,11/8/2015 22:00,3.084
SP,S1 GF RAW POWER INC1,11/8/2015 23:00,3.23
SP,S1 GF RAW POWER INC1,11/9/2015 0:00,3.214
SP,S1 GF RAW POWER INC1,11/9/2015 1:00,3.22
SP,S1 GF RAW POWER INC1,11/9/2015 2:00,3.29
SP,S1 GF RAW POWER INC1,11/9/2015 3:00,3.29
SP,S1 GF RAW POWER INC1,11/9/2015 4:00,3.22
SP,S1 GF RAW POWER INC1,11/9/2015 5:00,3.25
SP,S1 GF RAW POWER INC1,11/9/2015 6:00,19.064
SP,S1 GF RAW POWER INC1,11/9/2015 7:00,17.978
SP,S1 GF RAW POWER INC1,11/9/2015 8:00,21.146
SP,S1 GF RAW POWER INC1,11/9/2015 9:00,21.546
SP,S1 GF RAW POWER INC1,11/9/2015 10:00,21.402
SP,S1 GF RAW POWER INC1,11/9/2015 11:00,21.168
SP,S1 GF RAW POWER INC1,11/9/2015 12:00,20.962
SP,S1 GF RAW POWER INC1,11/9/2015 13:00,20.756
SP,S1 GF RAW POWER INC1,11/9/2015 14:00,19.174
SP,S1 GF RAW POWER INC1,11/9/2015 15:00,20.248
SP,S1 GF RAW POWER INC1,11/9/2015 16:00,20.376
SP,S1 GF RAW POWER INC1,11/9/2015 17:00,19.206
SP,S1 GF RAW POWER INC1,11/9/2015 18:00,16.53
SP,S1 GF RAW POWER INC1,11/9/2015 19:00,16.324
SP,S1 GF RAW POWER INC1,11/9/2015 20:00,16.232
SP,S1 GF RAW POWER INC1,11/9/2015 21:00,16.218
SP,S1 GF RAW POWER INC1,11/9/2015 22:00,15.95
SP,S1 GF RAW POWER INC1,11/9/2015 23:00,16.146
SP,S1 GF RAW POWER INC1,11/10/2015 0:00,16.174
SP,S1 GF RAW POWER INC1,11/10/2015 1:00,7.886
SP,S1 GF RAW POWER INC1,11/10/2015 2:00,3.054
SP,S1 GF RAW POWER INC1,11/10/2015 3:00,3.026
SP,S1 GF RAW POWER INC1,11/10/2015 4:00,3.1
SP,S1 GF RAW POWER INC1,11/10/2015 5:00,3.104
SP,S1 GF RAW POWER INC1,11/10/2015 6:00,3
SP,S1 GF RAW POWER INC1,11/10/2015 7:00,3.02
SP,S1 GF RAW POWER INC1,11/10/2015 8:00,3.026
SP,S1 GF RAW POWER INC1,11/10/2015 9:00,2.994
SP,S1 GF RAW POWER INC1,11/10/2015 10:00,3.104
SP,S1 GF RAW POWER INC1,11/10/2015 11:00,3.108
SP,S1 GF RAW POWER INC1,11/10/2015 12:00,3.058
SP,S1 GF RAW POWER INC1,11/10/2015 13:00,3.118
SP,S1 GF RAW POWER INC1,11/10/2015 14:00,3.122
SP,S1 GF RAW POWER INC1,11/10/2015 15:00,3.072
SP,S1 GF RAW POWER INC1,11/10/2015 16:00,3.186
SP,S1 GF RAW POWER INC1,11/10/2015 17:00,3.124
SP,S1 GF RAW POWER INC1,11/10/2015 18:00,3.206
SP,S1 GF RAW POWER INC1,11/10/2015 19:00,3.194
SP,S1 GF RAW POWER INC1,11/10/2015 20:00,3.21
SP,S1 GF RAW POWER INC1,11/10/2015 21:00,3.236
SP,S1 GF RAW POWER INC1,11/10/2015 22:00,3.16
SP,S1 GF RAW POWER INC1,11/10/2015 23:00,3.252
SP,S1 GF RAW POWER INC1,11/11/2015 0:00,3.232
SP,S1 GF RAW POWER INC1,11/11/2015 1:00,3.278
SP,S1 GF RAW POWER INC1,11/11/2015 2:00,3.27
SP,S1 GF RAW POWER INC1,11/11/2015 3:00,3.278
SP,S1 GF RAW POWER INC1,11/11/2015 4:00,3.226
SP,S1 GF RAW POWER INC1,11/11/2015 5:00,6.986
SP,S1 GF RAW POWER INC1,11/11/2015 6:00,9.37
SP,S1 GF RAW POWER INC1,11/11/2015 7:00,12.16
SP,S1 GF RAW POWER INC1,11/11/2015 8:00,20.156
SP,S1 GF RAW POWER INC1,11/11/2015 9:00,19.434
SP,S1 GF RAW POWER INC1,11/11/2015 10:00,19.624
SP,S1 GF RAW POWER INC1,11/11/2015 11:00,19.792
SP,S1 GF RAW POWER INC1,11/11/2015 12:00,19.624
SP,S1 GF RAW POWER INC1,11/11/2015 13:00,19.772
SP,S1 GF RAW POWER INC1,11/11/2015 14:00,18.554
SP,S1 GF RAW POWER INC1,11/11/2015 15:00,18.442
SP,S1 GF RAW POWER INC1,11/11/2015 16:00,19.514
SP,S1 GF RAW POWER INC1,11/11/2015 17:00,18.794
SP,S1 GF RAW POWER INC1,11/11/2015 18:00,16.594
SP,S1 GF RAW POWER INC1,11/11/2015 19:00,16.272
SP,S1 GF RAW POWER INC1,11/11/2015 20:00,16.328
SP,S1 GF RAW POWER INC1,11/11/2015 21:00,16.52
SP,S1 GF RAW POWER INC1,11/11/2015 22:00,15.998
SP,S1 GF RAW POWER INC1,11/11/2015 23:00,16.308
SP,S1 GF RAW POWER INC1,11/12/2015 0:00,7.906
SP,S1 GF RAW POWER INC1,11/12/2015 1:00,3.034
SP,S1 GF RAW POWER INC1,11/12/2015 2:00,3.048
SP,S1 GF RAW POWER INC1,11/12/2015 3:00,3.076
SP,S1 GF RAW POWER INC1,11/12/2015 4:00,3.082
SP,S1 GF RAW POWER INC1,11/12/2015 5:00,3.088
SP,S1 GF RAW POWER INC1,11/12/2015 6:00,3.254
SP,S1 GF RAW POWER INC1,11/12/2015 7:00,6.038
SP,S1 GF RAW POWER INC1,11/12/2015 8:00,19.45
SP,S1 GF RAW POWER INC1,11/12/2015 9:00,19.872
SP,S1 GF RAW POWER INC1,11/12/2015 10:00,18.33
SP,S1 GF RAW POWER INC1,11/12/2015 11:00,19.134
SP,S1 GF RAW POWER INC1,11/12/2015 12:00,19.822
SP,S1 GF RAW POWER INC1,11/12/2015 13:00,18.732
SP,S1 GF RAW POWER INC1,11/12/2015 14:00,18.358
SP,S1 GF RAW POWER INC1,11/12/2015 15:00,18.162
SP,S1 GF RAW POWER INC1,11/12/2015 16:00,19.522
SP,S1 GF RAW POWER INC1,11/12/2015 17:00,18.616
SP,S1 GF RAW POWER INC1,11/12/2015 18:00,17.272
SP,S1 GF RAW POWER INC1,11/12/2015 19:00,16.302
SP,S1 GF RAW POWER INC1,11/12/2015 20:00,16.108
SP,S1 GF RAW POWER INC1,11/12/2015 21:00,15.032
SP,S1 GF RAW POWER INC1,11/12/2015 22:00,14.834
SP,S1 GF RAW POWER INC1,11/12/2015 23:00,12.55
SP,S1 GF RAW POWER INC1,11/13/2015 0:00,3.102
SP,S1 GF RAW POWER INC1,11/13/2015 1:00,3.074
SP,S1 GF RAW POWER INC1,11/13/2015 2:00,3.14
SP,S1 GF RAW POWER INC1,11/13/2015 3:00,3.118
SP,S1 GF RAW POWER INC1,11/13/2015 4:00,3.266
SP,S1 GF RAW POWER INC1,11/13/2015 5:00,3.42
SP,S1 GF RAW POWER INC1,11/13/2015 6:00,3.394
SP,S1 GF RAW POWER INC1,11/13/2015 7:00,6.44
SP,S1 GF RAW POWER INC1,11/13/2015 8:00,16.106
SP,S1 GF RAW POWER INC1,11/13/2015 9:00,19.086
SP,S1 GF RAW POWER INC1,11/13/2015 10:00,19.538
SP,S1 GF RAW POWER INC1,11/13/2015 11:00,19.526
SP,S1 GF RAW POWER INC1,11/13/2015 12:00,19.428
SP,S1 GF RAW POWER INC1,11/13/2015 13:00,19.208
SP,S1 GF RAW POWER INC1,11/13/2015 14:00,18.52
SP,S1 GF RAW POWER INC1,11/13/2015 15:00,16.26
SP,S1 GF RAW POWER INC1,11/13/2015 16:00,14.9
SP,S1 GF RAW POWER INC1,11/13/2015 17:00,13.858
SP,S1 GF RAW POWER INC1,11/13/2015 18:00,11.964
SP,S1 GF RAW POWER INC1,11/13/2015 19:00,11.622
SP,S1 GF RAW POWER INC1,11/13/2015 20:00,11.282
SP,S1 GF RAW POWER INC1,11/13/2015 21:00,11.316
SP,S1 GF RAW POWER INC1,11/13/2015 22:00,7.352
SP,S1 GF RAW POWER INC1,11/13/2015 23:00,3.574
SP,S1 GF RAW POWER INC1,11/14/2015 0:00,3.012
SP,S1 GF RAW POWER INC1,11/14/2015 1:00,2.988
SP,S1 GF RAW POWER INC1,11/14/2015 2:00,3.068
SP,S1 GF RAW POWER INC1,11/14/2015 3:00,3.03
SP,S1 GF RAW POWER INC1,11/14/2015 4:00,3.026
SP,S1 GF RAW POWER INC1,11/14/2015 5:00,3.068
SP,S1 GF RAW POWER INC1,11/14/2015 6:00,3.004
SP,S1 GF RAW POWER INC1,11/14/2015 7:00,2.976
SP,S1 GF RAW POWER INC1,11/14/2015 8:00,2.988
SP,S1 GF RAW POWER INC1,11/14/2015 9:00,2.986
SP,S1 GF RAW POWER INC1,11/14/2015 10:00,3.012
SP,S1 GF RAW POWER INC1,11/14/2015 11:00,3.01
SP,S1 GF RAW POWER INC1,11/14/2015 12:00,2.992
SP,S1 GF RAW POWER INC1,11/14/2015 13:00,2.674
SP,S1 GF RAW POWER INC1,11/14/2015 14:00,2.962
SP,S1 GF RAW POWER INC1,11/14/2015 15:00,3.088
SP,S1 GF RAW POWER INC1,11/14/2015 16:00,3.15
SP,S1 GF RAW POWER INC1,11/14/2015 17:00,3.134
SP,S1 GF RAW POWER INC1,11/14/2015 18:00,3.236
SP,S1 GF RAW POWER INC1,11/14/2015 19:00,3.536
SP,S1 GF RAW POWER INC1,11/14/2015 20:00,3.408
SP,S1 GF RAW POWER INC1,11/14/2015 21:00,3.106
SP,S1 GF RAW POWER INC1,11/14/2015 22:00,3.154
SP,S1 GF RAW POWER INC1,11/14/2015 23:00,3.178
SP,S1 GF RAW POWER INC1,11/15/2015 0:00,3.308
SP,S1 GF RAW POWER INC1,11/15/2015 1:00,3.17
SP,S1 GF RAW POWER INC1,11/15/2015 2:00,3.192
SP,S1 GF RAW POWER INC1,11/15/2015 3:00,3.282
SP,S1 GF RAW POWER INC1,11/15/2015 4:00,3.2
SP,S1 GF RAW POWER INC1,11/15/2015 5:00,3.236
SP,S1 GF RAW POWER INC1,11/15/2015 6:00,3.118
SP,S1 GF RAW POWER INC1,11/15/2015 7:00,3.07
SP,S1 GF RAW POWER INC1,11/15/2015 8:00,3.088
SP,S1 GF RAW POWER INC1,11/15/2015 9:00,3.436
SP,S1 GF RAW POWER INC1,11/15/2015 10:00,3.18
SP,S1 GF RAW POWER INC1,11/15/2015 11:00,3.162
SP,S1 GF RAW POWER INC1,11/15/2015 12:00,3.17
SP,S1 GF RAW POWER INC1,11/15/2015 13:00,3.16
SP,S1 GF RAW POWER INC1,11/15/2015 14:00,1.56
SP,S1 GF RAW POWER INC1,11/15/2015 15:00,1.56
SP,S1 GF RAW POWER INC1,11/15/2015 16:00,1.56
SP,S1 GF RAW POWER INC1,11/15/2015 17:00,1.56
SP,S1 GF RAW POWER INC1,11/15/2015 18:00,1.56
SP,S1 GF RAW POWER INC1,11/15/2015 19:00,1.56
SP,S1 GF RAW POWER INC1,11/15/2015 20:00,1.56
SP,S1 GF RAW POWER INC1,11/15/2015 21:00,1.56
SP,S1 GF RAW POWER INC1,11/15/2015 22:00,1.56
SP,S1 GF RAW POWER INC1,11/15/2015 23:00,1.56
SP,S1 GF RAW POWER INC1,11/16/2015 0:00,19.088
SP,S1 GF RAW POWER INC1,11/16/2015 1:00,19.088
SP,S1 GF RAW POWER INC1,11/16/2015 2:00,19.088
SP,S1 GF RAW POWER INC1,11/16/2015 3:00,19.088
SP,S1 GF RAW POWER INC1,11/16/2015 4:00,19.088
SP,S1 GF RAW POWER INC1,11/16/2015 5:00,19.088
SP,S1 GF RAW POWER INC1,11/16/2015 6:00,19.088
SP,S1 GF RAW POWER INC1,11/16/2015 7:00,19.088
SP,S1 GF RAW POWER INC1,11/16/2015 8:00,19.088
SP,S1 GF RAW POWER INC1,11/16/2015 9:00,19.088
SP,S1 GF RAW POWER INC1,11/16/2015 10:00,19.088
SP,S1 GF RAW POWER INC1,11/16/2015 11:00,19.088
SP,S1 GF RAW POWER INC1,11/16/2015 12:00,19.088
SP,S1 GF RAW POWER INC1,11/16/2015 13:00,19.038
SP,S1 GF RAW POWER INC1,11/16/2015 14:00,18.368
SP,S1 GF RAW POWER INC1,11/16/2015 15:00,18.156
SP,S1 GF RAW POWER INC1,11/16/2015 16:00,18.302
SP,S1 GF RAW POWER INC1,11/16/2015 17:00,17.74
SP,S1 GF RAW POWER INC1,11/16/2015 18:00,16.038
SP,S1 GF RAW POWER INC1,11/16/2015 19:00,12.646
SP,S1 GF RAW POWER INC1,11/16/2015 20:00,11.29
SP,S1 GF RAW POWER INC1,11/16/2015 21:00,11.234
SP,S1 GF RAW POWER INC1,11/16/2015 22:00,11.396
SP,S1 GF RAW POWER INC1,11/16/2015 23:00,6.382
SP,S1 GF RAW POWER INC1,11/17/2015 0:00,4.98
SP,S1 GF RAW POWER INC1,11/17/2015 1:00,3.392
SP,S1 GF RAW POWER INC1,11/17/2015 2:00,3.514
SP,S1 GF RAW POWER INC1,11/17/2015 3:00,3.634
SP,S1 GF RAW POWER INC1,11/17/2015 4:00,3.44
SP,S1 GF RAW POWER INC1,11/17/2015 5:00,3.44
SP,S1 GF RAW POWER INC1,11/17/2015 6:00,3.382
SP,S1 GF RAW POWER INC1,11/17/2015 7:00,3.378
SP,S1 GF RAW POWER INC1,11/17/2015 8:00,13.062
SP,S1 GF RAW POWER INC1,11/17/2015 9:00,14.59
SP,S1 GF RAW POWER INC1,11/17/2015 10:00,14.974
SP,S1 GF RAW POWER INC1,11/17/2015 11:00,15.046
SP,S1 GF RAW POWER INC1,11/17/2015 12:00,15.158
SP,S1 GF RAW POWER INC1,11/17/2015 13:00,14.584
SP,S1 GF RAW POWER INC1,11/17/2015 14:00,14.618
SP,S1 GF RAW POWER INC1,11/17/2015 15:00,14.896
SP,S1 GF RAW POWER INC1,11/17/2015 16:00,14.236
SP,S1 GF RAW POWER INC1,11/17/2015 17:00,13.958
SP,S1 GF RAW POWER INC1,11/17/2015 18:00,12.572
SP,S1 GF RAW POWER INC1,11/17/2015 19:00,11.426
SP,S1 GF RAW POWER INC1,11/17/2015 20:00,11.388
SP,S1 GF RAW POWER INC1,11/17/2015 21:00,11.312
SP,S1 GF RAW POWER INC1,11/17/2015 22:00,4.538
SP,S1 GF RAW POWER INC1,11/17/2015 23:00,3.008
SP,S1 GF RAW POWER INC1,11/18/2015 0:00,3.024
SP,S1 GF RAW POWER INC1,11/18/2015 1:00,3.028
SP,S1 GF RAW POWER INC1,11/18/2015 2:00,3.286
SP,S1 GF RAW POWER INC1,11/18/2015 3:00,3.214
SP,S1 GF RAW POWER INC1,11/18/2015 4:00,3.176
SP,S1 GF RAW POWER INC1,11/18/2015 5:00,3.194
SP,S1 GF RAW POWER INC1,11/18/2015 6:00,3.948
SP,S1 GF RAW POWER INC1,11/18/2015 7:00,7.246
SP,S1 GF RAW POWER INC1,11/18/2015 8:00,20.52
SP,S1 GF RAW POWER INC1,11/18/2015 9:00,20.424
SP,S1 GF RAW POWER INC1,11/18/2015 10:00,19.254
SP,S1 GF RAW POWER INC1,11/18/2015 11:00,18.892
SP,S1 GF RAW POWER INC1,11/18/2015 12:00,19.368
SP,S1 GF RAW POWER INC1,11/18/2015 13:00,19.64
SP,S1 GF RAW POWER INC1,11/18/2015 14:00,19.718
SP,S1 GF RAW POWER INC1,11/18/2015 15:00,19.866
SP,S1 GF RAW POWER INC1,11/18/2015 16:00,18.73
SP,S1 GF RAW POWER INC1,11/18/2015 17:00,18.678
SP,S1 GF RAW POWER INC1,11/18/2015 18:00,17.162
SP,S1 GF RAW POWER INC1,11/18/2015 19:00,15.184
SP,S1 GF RAW POWER INC1,11/18/2015 20:00,13.114
SP,S1 GF RAW POWER INC1,11/18/2015 21:00,12.654
SP,S1 GF RAW POWER INC1,11/18/2015 22:00,13.15
SP,S1 GF RAW POWER INC1,11/18/2015 23:00,6.096
SP,S1 GF RAW POWER INC1,11/19/2015 0:00,4.656
SP,S1 GF RAW POWER INC1,11/19/2015 1:00,4.66
SP,S1 GF RAW POWER INC1,11/19/2015 2:00,4.56
SP,S1 GF RAW POWER INC1,11/19/2015 3:00,4.534
SP,S1 GF RAW POWER INC1,11/19/2015 4:00,4.502
SP,S1 GF RAW POWER INC1,11/19/2015 5:00,4.846
SP,S1 GF RAW POWER INC1,11/19/2015 6:00,4.994
SP,S1 GF RAW POWER INC1,11/19/2015 7:00,15.946
SP,S1 GF RAW POWER INC1,11/19/2015 8:00,15.844
SP,S1 GF RAW POWER INC1,11/19/2015 9:00,15.812
SP,S1 GF RAW POWER INC1,11/19/2015 10:00,15.602
SP,S1 GF RAW POWER INC1,11/19/2015 11:00,13.784
SP,S1 GF RAW POWER INC1,11/19/2015 12:00,13.58
SP,S1 GF RAW POWER INC1,11/19/2015 13:00,14.196
SP,S1 GF RAW POWER INC1,11/19/2015 14:00,15.328
SP,S1 GF RAW POWER INC1,11/19/2015 15:00,14.666
SP,S1 GF RAW POWER INC1,11/19/2015 16:00,15.76
SP,S1 GF RAW POWER INC1,11/19/2015 17:00,14.472
SP,S1 GF RAW POWER INC1,11/19/2015 18:00,12.07
SP,S1 GF RAW POWER INC1,11/19/2015 19:00,11.682
SP,S1 GF RAW POWER INC1,11/19/2015 20:00,11.66
SP,S1 GF RAW POWER INC1,11/19/2015 21:00,11.556
SP,S1 GF RAW POWER INC1,11/19/2015 22:00,5.85
SP,S1 GF RAW POWER INC1,11/19/2015 23:00,3.06
SP,S1 GF RAW POWER INC1,11/20/2015 0:00,1.862
SP,S1 GF RAW POWER INC1,11/20/2015 1:00,1.878
SP,S1 GF RAW POWER INC1,11/20/2015 2:00,1.74
SP,S1 GF RAW POWER INC1,11/20/2015 3:00,1.77
SP,S1 GF RAW POWER INC1,11/20/2015 4:00,1.738
SP,S1 GF RAW POWER INC1,11/20/2015 5:00,1.736
SP,S1 GF RAW POWER INC1,11/20/2015 6:00,1.824
SP,S1 GF RAW POWER INC1,11/20/2015 7:00,9.262
SP,S1 GF RAW POWER INC1,11/20/2015 8:00,19.348
SP,S1 GF RAW POWER INC1,11/20/2015 9:00,19.626
SP,S1 GF RAW POWER INC1,11/20/2015 10:00,19.334
SP,S1 GF RAW POWER INC1,11/20/2015 11:00,14.588
SP,S1 GF RAW POWER INC1,11/20/2015 12:00,25.07
SP,S1 GF RAW POWER INC1,11/20/2015 13:00,14.544
SP,S1 GF RAW POWER INC1,11/20/2015 14:00,23.808
SP,S1 GF RAW POWER INC1,11/20/2015 15:00,19.448
SP,S1 GF RAW POWER INC1,11/20/2015 16:00,19.57
SP,S1 GF RAW POWER INC1,11/20/2015 17:00,19.122
SP,S1 GF RAW POWER INC1,11/20/2015 18:00,16.348
SP,S1 GF RAW POWER INC1,11/20/2015 19:00,16.072
SP,S1 GF RAW POWER INC1,11/20/2015 20:00,14.432
SP,S1 GF RAW POWER INC1,11/20/2015 21:00,11.55
SP,S1 GF RAW POWER INC1,11/20/2015 22:00,11.538
SP,S1 GF RAW POWER INC1,11/20/2015 23:00,5.564
SP,S1 GF RAW POWER INC1,11/21/2015 0:00,3.384
SP,S1 GF RAW POWER INC1,11/21/2015 1:00,3.018
SP,S1 GF RAW POWER INC1,11/21/2015 2:00,3.068
SP,S1 GF RAW POWER INC1,11/21/2015 3:00,3.01
SP,S1 GF RAW POWER INC1,11/21/2015 4:00,3.112
SP,S1 GF RAW POWER INC1,11/21/2015 5:00,3.124
SP,S1 GF RAW POWER INC1,11/21/2015 6:00,3.056
SP,S1 GF RAW POWER INC1,11/21/2015 7:00,3.002
SP,S1 GF RAW POWER INC1,11/21/2015 8:00,3.012
SP,S1 GF RAW POWER INC1,11/21/2015 9:00,2.98
SP,S1 GF RAW POWER INC1,11/21/2015 10:00,2.966
SP,S1 GF RAW POWER INC1,11/21/2015 11:00,2.226
SP,S1 GF RAW POWER INC1,11/21/2015 12:00,2.992
SP,S1 GF RAW POWER INC1,11/21/2015 13:00,2.942
SP,S1 GF RAW POWER INC1,11/21/2015 14:00,2.956
SP,S1 GF RAW POWER INC1,11/21/2015 15:00,2.974
SP,S1 GF RAW POWER INC1,11/21/2015 16:00,3.02
SP,S1 GF RAW POWER INC1,11/21/2015 17:00,3.034
SP,S1 GF RAW POWER INC1,11/21/2015 18:00,3.026
SP,S1 GF RAW POWER INC1,11/21/2015 19:00,3.026
SP,S1 GF RAW POWER INC1,11/21/2015 20:00,3.03
SP,S1 GF RAW POWER INC1,11/21/2015 21:00,3.072
SP,S1 GF RAW POWER INC1,11/21/2015 22:00,3.036
SP,S1 GF RAW POWER INC1,11/21/2015 23:00,3.154
SP,S1 GF RAW POWER INC1,11/22/2015 0:00,3.098
SP,S1 GF RAW POWER INC1,11/22/2015 1:00,3.022
SP,S1 GF RAW POWER INC1,11/22/2015 2:00,3.014
SP,S1 GF RAW POWER INC1,11/22/2015 3:00,3.024
SP,S1 GF RAW POWER INC1,11/22/2015 4:00,3.006
SP,S1 GF RAW POWER INC1,11/22/2015 5:00,3.05
SP,S1 GF RAW POWER INC1,11/22/2015 6:00,3.098
SP,S1 GF RAW POWER INC1,11/22/2015 7:00,3.018
SP,S1 GF RAW POWER INC1,11/22/2015 8:00,2.984
SP,S1 GF RAW POWER INC1,11/22/2015 9:00,2.97
SP,S1 GF RAW POWER INC1,11/22/2015 10:00,3.258
SP,S1 GF RAW POWER INC1,11/22/2015 11:00,3.11
SP,S1 GF RAW POWER INC1,11/22/2015 12:00,3.114
SP,S1 GF RAW POWER INC1,11/22/2015 13:00,3.122
SP,S1 GF RAW POWER INC1,11/22/2015 14:00,3.084
SP,S1 GF RAW POWER INC1,11/22/2015 15:00,3.112
SP,S1 GF RAW POWER INC1,11/22/2015 16:00,3.054
SP,S1 GF RAW POWER INC1,11/22/2015 17:00,3.118
SP,S1 GF RAW POWER INC1,11/22/2015 18:00,3.024
SP,S1 GF RAW POWER INC1,11/22/2015 19:00,3.03
SP,S1 GF RAW POWER INC1,11/22/2015 20:00,3.108
SP,S1 GF RAW POWER INC1,11/22/2015 21:00,3.1
SP,S1 GF RAW POWER INC1,11/22/2015 22:00,3.02
SP,S1 GF RAW POWER INC1,11/22/2015 23:00,6.644
SP,S1 GF RAW POWER INC1,11/23/2015 0:00,11.246
SP,S1 GF RAW POWER INC1,11/23/2015 1:00,3.126
SP,S1 GF RAW POWER INC1,11/23/2015 2:00,3.138
SP,S1 GF RAW POWER INC1,11/23/2015 3:00,3.098
SP,S1 GF RAW POWER INC1,11/23/2015 4:00,3.13
SP,S1 GF RAW POWER INC1,11/23/2015 5:00,5.96
SP,S1 GF RAW POWER INC1,11/23/2015 6:00,16.102
SP,S1 GF RAW POWER INC1,11/23/2015 7:00,18.182
SP,S1 GF RAW POWER INC1,11/23/2015 8:00,19.022
SP,S1 GF RAW POWER INC1,11/23/2015 9:00,19.62
SP,S1 GF RAW POWER INC1,11/23/2015 10:00,19.35
SP,S1 GF RAW POWER INC1,11/23/2015 11:00,19.376
SP,S1 GF RAW POWER INC1,11/23/2015 12:00,20.194
SP,S1 GF RAW POWER INC1,11/23/2015 13:00,19.596
SP,S1 GF RAW POWER INC1,11/23/2015 14:00,19.07
SP,S1 GF RAW POWER INC1,11/23/2015 15:00,19.144
SP,S1 GF RAW POWER INC1,11/23/2015 16:00,18.93
SP,S1 GF RAW POWER INC1,11/23/2015 17:00,18.93
SP,S1 GF RAW POWER INC1,11/23/2015 18:00,17.518
SP,S1 GF RAW POWER INC1,11/23/2015 19:00,16.528
SP,S1 GF RAW POWER INC1,11/23/2015 20:00,15.116
SP,S1 GF RAW POWER INC1,11/23/2015 21:00,12.082
SP,S1 GF RAW POWER INC1,11/23/2015 22:00,11.602
SP,S1 GF RAW POWER INC1,11/23/2015 23:00,4.84
SP,S1 GF RAW POWER INC1,11/24/2015 0:00,4.728
SP,S1 GF RAW POWER INC1,11/24/2015 1:00,4.668
SP,S1 GF RAW POWER INC1,11/24/2015 2:00,5.122
SP,S1 GF RAW POWER INC1,11/24/2015 3:00,5.22
SP,S1 GF RAW POWER INC1,11/24/2015 4:00,5.268
SP,S1 GF RAW POWER INC1,11/24/2015 5:00,5.302
SP,S1 GF RAW POWER INC1,11/24/2015 6:00,5.072
SP,S1 GF RAW POWER INC1,11/24/2015 7:00,8.088
SP,S1 GF RAW POWER INC1,11/24/2015 8:00,5.022
SP,S1 GF RAW POWER INC1,11/24/2015 9:00,5.01
SP,S1 GF RAW POWER INC1,11/24/2015 10:00,10.978
SP,S1 GF RAW POWER INC1,11/24/2015 11:00,19.1
SP,S1 GF RAW POWER INC1,11/24/2015 12:00,19.394
SP,S1 GF RAW POWER INC1,11/24/2015 13:00,19.28
SP,S1 GF RAW POWER INC1,11/24/2015 14:00,19.86
SP,S1 GF RAW POWER INC1,11/24/2015 15:00,20.254
SP,S1 GF RAW POWER INC1,11/24/2015 16:00,20.538
SP,S1 GF RAW POWER INC1,11/24/2015 17:00,20.142
SP,S1 GF RAW POWER INC1,11/24/2015 18:00,20.178
SP,S1 GF RAW POWER INC1,11/24/2015 19:00,20.572
SP,S1 GF RAW POWER INC1,11/24/2015 20:00,20.03
SP,S1 GF RAW POWER INC1,11/24/2015 21:00,19.244
SP,S1 GF RAW POWER INC1,11/24/2015 22:00,18.552
SP,S1 GF RAW POWER INC1,11/24/2015 23:00,5.158
SP,S1 GF RAW POWER INC1,11/25/2015 0:00,4.556
SP,S1 GF RAW POWER INC1,11/25/2015 1:00,4.712
SP,S1 GF RAW POWER INC1,11/25/2015 2:00,5.022
SP,S1 GF RAW POWER INC1,11/25/2015 3:00,4.94
SP,S1 GF RAW POWER INC1,11/25/2015 4:00,4.918
SP,S1 GF RAW POWER INC1,11/25/2015 5:00,4.738
SP,S1 GF RAW POWER INC1,11/25/2015 6:00,4.896
SP,S1 GF RAW POWER INC1,11/25/2015 7:00,6.512
SP,S1 GF RAW POWER INC1,11/25/2015 8:00,20.194
SP,S1 GF RAW POWER INC1,11/25/2015 9:00,20.756
SP,S1 GF RAW POWER INC1,11/25/2015 10:00,21.224
SP,S1 GF RAW POWER INC1,11/25/2015 11:00,21.734
SP,S1 GF RAW POWER INC1,11/25/2015 12:00,21.774
SP,S1 GF RAW POWER INC1,11/25/2015 13:00,20.52
SP,S1 GF RAW POWER INC1,11/25/2015 14:00,20.312
SP,S1 GF RAW POWER INC1,11/25/2015 15:00,21.614
SP,S1 GF RAW POWER INC1,11/25/2015 16:00,21.552
SP,S1 GF RAW POWER INC1,11/25/2015 17:00,10.512
SP,S1 GF RAW POWER INC1,11/25/2015 18:00,32.188
SP,S1 GF RAW POWER INC1,11/25/2015 19:00,16.226
SP,S1 GF RAW POWER INC1,11/25/2015 20:00,17.964
SP,S1 GF RAW POWER INC1,11/25/2015 21:00,17.906
SP,S1 GF RAW POWER INC1,11/25/2015 22:00,11.054
SP,S1 GF RAW POWER INC1,11/25/2015 23:00,2.956
SP,S1 GF RAW POWER INC1,11/26/2015 0:00,3.012
SP,S1 GF RAW POWER INC1,11/26/2015 1:00,2.978
SP,S1 GF RAW POWER INC1,11/26/2015 2:00,3.192
SP,S1 GF RAW POWER INC1,11/26/2015 3:00,3.12
SP,S1 GF RAW POWER INC1,11/26/2015 4:00,3.13
SP,S1 GF RAW POWER INC1,11/26/2015 5:00,2.964
SP,S1 GF RAW POWER INC1,11/26/2015 6:00,2.79
SP,S1 GF RAW POWER INC1,11/26/2015 7:00,19.044
SP,S1 GF RAW POWER INC1,11/26/2015 8:00,21.09
SP,S1 GF RAW POWER INC1,11/26/2015 9:00,20.776
SP,S1 GF RAW POWER INC1,11/26/2015 10:00,20.83
SP,S1 GF RAW POWER INC1,11/26/2015 11:00,20.736
SP,S1 GF RAW POWER INC1,11/26/2015 12:00,21.19
SP,S1 GF RAW POWER INC1,11/26/2015 13:00,21.504
SP,S1 GF RAW POWER INC1,11/26/2015 14:00,19.944
SP,S1 GF RAW POWER INC1,11/26/2015 15:00,19.714
SP,S1 GF RAW POWER INC1,11/26/2015 16:00,19.236
SP,S1 GF RAW POWER INC1,11/26/2015 17:00,18.914
SP,S1 GF RAW POWER INC1,11/26/2015 18:00,17.25
SP,S1 GF RAW POWER INC1,11/26/2015 19:00,13.702
SP,S1 GF RAW POWER INC1,11/26/2015 20:00,11.536
SP,S1 GF RAW POWER INC1,11/26/2015 21:00,11.492
SP,S1 GF RAW POWER INC1,11/26/2015 22:00,11.716
SP,S1 GF RAW POWER INC1,11/26/2015 23:00,4.86
SP,S1 GF RAW POWER INC1,11/27/2015 0:00,5.09
SP,S1 GF RAW POWER INC1,11/27/2015 1:00,5.878
SP,S1 GF RAW POWER INC1,11/27/2015 2:00,6.216
SP,S1 GF RAW POWER INC1,11/27/2015 3:00,6.154
SP,S1 GF RAW POWER INC1,11/27/2015 4:00,6.38
SP,S1 GF RAW POWER INC1,11/27/2015 5:00,6.386
SP,S1 GF RAW POWER INC1,11/27/2015 6:00,7.754
SP,S1 GF RAW POWER INC1,11/27/2015 7:00,14.91
SP,S1 GF RAW POWER INC1,11/27/2015 8:00,19.736
SP,S1 GF RAW POWER INC1,11/27/2015 9:00,19.398
SP,S1 GF RAW POWER INC1,11/27/2015 10:00,19.318
SP,S1 GF RAW POWER INC1,11/27/2015 11:00,19.196
SP,S1 GF RAW POWER INC1,11/27/2015 12:00,19.932
SP,S1 GF RAW POWER INC1,11/27/2015 13:00,18.162
SP,S1 GF RAW POWER INC1,11/27/2015 14:00,19.328
SP,S1 GF RAW POWER INC1,11/27/2015 15:00,19.516
SP,S1 GF RAW POWER INC1,11/27/2015 16:00,20.18
SP,S1 GF RAW POWER INC1,11/27/2015 17:00,18.712
SP,S1 GF RAW POWER INC1,11/27/2015 18:00,17.474
SP,S1 GF RAW POWER INC1,11/27/2015 19:00,16.726
SP,S1 GF RAW POWER INC1,11/27/2015 20:00,16.056
SP,S1 GF RAW POWER INC1,11/27/2015 21:00,15.704
SP,S1 GF RAW POWER INC1,11/27/2015 22:00,14.668
SP,S1 GF RAW POWER INC1,11/27/2015 23:00,14.842
SP,S1 GF RAW POWER INC1,11/28/2015 0:00,14.944
SP,S1 GF RAW POWER INC1,11/28/2015 1:00,13.306
SP,S1 GF RAW POWER INC1,11/28/2015 2:00,12.49
SP,S1 GF RAW POWER INC1,11/28/2015 3:00,12.112
SP,S1 GF RAW POWER INC1,11/28/2015 4:00,11.716
SP,S1 GF RAW POWER INC1,11/28/2015 5:00,11.718
SP,S1 GF RAW POWER INC1,11/28/2015 6:00,11.822
SP,S1 GF RAW POWER INC1,11/28/2015 7:00,11.852
SP,S1 GF RAW POWER INC1,11/28/2015 8:00,14.386
SP,S1 GF RAW POWER INC1,11/28/2015 9:00,15.108
SP,S1 GF RAW POWER INC1,11/28/2015 10:00,15.118
SP,S1 GF RAW POWER INC1,11/28/2015 11:00,13.208
SP,S1 GF RAW POWER INC1,11/28/2015 12:00,13.862
SP,S1 GF RAW POWER INC1,11/28/2015 13:00,13.45
SP,S1 GF RAW POWER INC1,11/28/2015 14:00,13.662
SP,S1 GF RAW POWER INC1,11/28/2015 15:00,14.126
SP,S1 GF RAW POWER INC1,11/28/2015 16:00,13.068
SP,S1 GF RAW POWER INC1,11/28/2015 17:00,12.298
SP,S1 GF RAW POWER INC1,11/28/2015 18:00,13.488
SP,S1 GF RAW POWER INC1,11/28/2015 19:00,16.308
SP,S1 GF RAW POWER INC1,11/28/2015 20:00,16.116
SP,S1 GF RAW POWER INC1,11/28/2015 21:00,14.17
SP,S1 GF RAW POWER INC1,11/28/2015 22:00,7.168
SP,S1 GF RAW POWER INC1,11/28/2015 23:00,7.074
SP,S1 GF RAW POWER INC1,11/29/2015 0:00,7.398
SP,S1 GF RAW POWER INC1,11/29/2015 1:00,6.918
SP,S1 GF RAW POWER INC1,11/29/2015 2:00,6.822
SP,S1 GF RAW POWER INC1,11/29/2015 3:00,7.23
SP,S1 GF RAW POWER INC1,11/29/2015 4:00,7.456
SP,S1 GF RAW POWER INC1,11/29/2015 5:00,6.904
SP,S1 GF RAW POWER INC1,11/29/2015 6:00,7.016
SP,S1 GF RAW POWER INC1,11/29/2015 7:00,4.47
SP,S1 GF RAW POWER INC1,11/29/2015 8:00,2.954
SP,S1 GF RAW POWER INC1,11/29/2015 9:00,2.932
SP,S1 GF RAW POWER INC1,11/29/2015 10:00,3.046
SP,S1 GF RAW POWER INC1,11/29/2015 11:00,3.092
SP,S1 GF RAW POWER INC1,11/29/2015 12:00,3.07
SP,S1 GF RAW POWER INC1,11/29/2015 13:00,3.126
SP,S1 GF RAW POWER INC1,11/29/2015 14:00,3.212
SP,S1 GF RAW POWER INC1,11/29/2015 15:00,2.854
SP,S1 GF RAW POWER INC1,11/29/2015 16:00,2.954
SP,S1 GF RAW POWER INC1,11/29/2015 17:00,2.96
SP,S1 GF RAW POWER INC1,11/29/2015 18:00,2.972
SP,S1 GF RAW POWER INC1,11/29/2015 19:00,2.99
SP,S1 GF RAW POWER INC1,11/29/2015 20:00,3.06
SP,S1 GF RAW POWER INC1,11/29/2015 21:00,2.944
SP,S1 GF RAW POWER INC1,11/29/2015 22:00,3.004
SP,S1 GF RAW POWER INC1,11/29/2015 23:00,3.066
SP,S1 GF RAW POWER INC1,11/30/2015 0:00,3.148
SP,S1 GF RAW POWER INC1,11/30/2015 1:00,3.068
SP,S1 GF RAW POWER INC1,11/30/2015 2:00,3.254
SP,S1 GF RAW POWER INC1,11/30/2015 3:00,3.182
SP,S1 GF RAW POWER INC1,11/30/2015 4:00,3.162
SP,S1 GF RAW POWER INC1,11/30/2015 5:00,3.476
SP,S1 GF RAW POWER INC1,11/30/2015 6:00,16.924
SP,S1 GF RAW POWER INC1,11/30/2015 7:00,18.37
SP,S1 GF RAW POWER INC1,11/30/2015 8:00,19.36
SP,S1 GF RAW POWER INC1,11/30/2015 9:00,19.888
SP,S1 GF RAW POWER INC1,11/30/2015 10:00,19.88
SP,S1 GF RAW POWER INC1,11/30/2015 11:00,19.612
SP,S1 GF RAW POWER INC1,11/30/2015 12:00,19.92
SP,S1 GF RAW POWER INC1,11/30/2015 13:00,20.142
SP,S1 GF RAW POWER INC1,11/30/2015 14:00,19.56
SP,S1 GF RAW POWER INC1,11/30/2015 15:00,19.798
SP,S1 GF RAW POWER INC1,11/30/2015 16:00,19.984
SP,S1 GF RAW POWER INC1,11/30/2015 17:00,19.95
SP,S1 GF RAW POWER INC1,11/30/2015 18:00,18.362
SP,S1 GF RAW POWER INC1,11/30/2015 19:00,16.612
SP,S1 GF RAW POWER INC1,11/30/2015 20:00,16.294
SP,S1 GF RAW POWER INC1,11/30/2015 21:00,16.162
SP,S1 GF RAW POWER INC1,11/30/2015 22:00,16.554
SP,S1 GF RAW POWER INC1,11/30/2015 23:00,5.678