ems_site_name,name,date_time,value
SP,S1 GF LIGHTING INC1,11/1/2015 0:00,6.559
SP,S1 GF LIGHTING INC1,11/1/2015 1:00,6.448
SP,S1 GF LIGHTING INC1,11/1/2015 2:00,6.663
SP,S1 GF LIGHTING INC1,11/1/2015 3:00,6.516
SP,S1 GF LIGHTING INC1,11/1/2015 4:00,6.616
SP,S1 GF LIGHTING INC1,11/1/2015 5:00,6.125
SP,S1 GF LIGHTING INC1,11/1/2015 6:00,6.269
SP,S1 GF LIGHTING INC1,11/1/2015 7:00,6.009
SP,S1 GF LIGHTING INC1,11/1/2015 8:00,6.388
SP,S1 GF LIGHTING INC1,11/1/2015 9:00,6.464
SP,S1 GF LIGHTING INC1,11/1/2015 10:00,6.43
SP,S1 GF LIGHTING INC1,11/1/2015 11:00,7.042
SP,S1 GF LIGHTING INC1,11/1/2015 12:00,6.667
SP,S1 GF LIGHTING INC1,11/1/2015 13:00,6.751
SP,S1 GF LIGHTING INC1,11/1/2015 14:00,6.814
SP,S1 GF LIGHTING INC1,11/1/2015 15:00,8.121
SP,S1 GF LIGHTING INC1,11/1/2015 16:00,6.561
SP,S1 GF LIGHTING INC1,11/1/2015 17:00,6.431
SP,S1 GF LIGHTING INC1,11/1/2015 18:00,6.854
SP,S1 GF LIGHTING INC1,11/1/2015 19:00,6.373
SP,S1 GF LIGHTING INC1,11/1/2015 20:00,6.418
SP,S1 GF LIGHTING INC1,11/1/2015 21:00,6.158
SP,S1 GF LIGHTING INC1,11/1/2015 22:00,6.515
SP,S1 GF LIGHTING INC1,11/1/2015 23:00,5.704
SP,S1 GF LIGHTING INC1,11/2/2015 0:00,6.125
SP,S1 GF LIGHTING INC1,11/2/2015 1:00,5.915
SP,S1 GF LIGHTING INC1,11/2/2015 2:00,5.689
SP,S1 GF LIGHTING INC1,11/2/2015 3:00,5.942
SP,S1 GF LIGHTING INC1,11/2/2015 4:00,6.64
SP,S1 GF LIGHTING INC1,11/2/2015 5:00,5.801
SP,S1 GF LIGHTING INC1,11/2/2015 6:00,5.865
SP,S1 GF LIGHTING INC1,11/2/2015 7:00,5.849
SP,S1 GF LIGHTING INC1,11/2/2015 8:00,4.782
SP,S1 GF LIGHTING INC1,11/2/2015 9:00,4.782
SP,S1 GF LIGHTING INC1,11/2/2015 10:00,4.782
SP,S1 GF LIGHTING INC1,11/2/2015 11:00,4.782
SP,S1 GF LIGHTING INC1,11/2/2015 12:00,4.782
SP,S1 GF LIGHTING INC1,11/2/2015 13:00,4.782
SP,S1 GF LIGHTING INC1,11/2/2015 14:00,4.782
SP,S1 GF LIGHTING INC1,11/2/2015 15:00,4.782
SP,S1 GF LIGHTING INC1,11/2/2015 16:00,4.782
SP,S1 GF LIGHTING INC1,11/2/2015 17:00,18.803
SP,S1 GF LIGHTING INC1,11/2/2015 18:00,18.912
SP,S1 GF LIGHTING INC1,11/2/2015 19:00,18.479
SP,S1 GF LIGHTING INC1,11/2/2015 20:00,17.989
SP,S1 GF LIGHTING INC1,11/2/2015 21:00,12.469
SP,S1 GF LIGHTING INC1,11/2/2015 22:00,10.866
SP,S1 GF LIGHTING INC1,11/2/2015 23:00,8.761
SP,S1 GF LIGHTING INC1,11/3/2015 0:00,7.59
SP,S1 GF LIGHTING INC1,11/3/2015 1:00,7.222
SP,S1 GF LIGHTING INC1,11/3/2015 2:00,6.061
SP,S1 GF LIGHTING INC1,11/3/2015 3:00,6.953
SP,S1 GF LIGHTING INC1,11/3/2015 4:00,5.34
SP,S1 GF LIGHTING INC1,11/3/2015 5:00,5.245
SP,S1 GF LIGHTING INC1,11/3/2015 6:00,5.71
SP,S1 GF LIGHTING INC1,11/3/2015 7:00,6.217
SP,S1 GF LIGHTING INC1,11/3/2015 8:00,6.483
SP,S1 GF LIGHTING INC1,11/3/2015 9:00,9.077
SP,S1 GF LIGHTING INC1,11/3/2015 10:00,15.108
SP,S1 GF LIGHTING INC1,11/3/2015 11:00,18.226
SP,S1 GF LIGHTING INC1,11/3/2015 12:00,19.12
SP,S1 GF LIGHTING INC1,11/3/2015 13:00,18.919
SP,S1 GF LIGHTING INC1,11/3/2015 14:00,18.403
SP,S1 GF LIGHTING INC1,11/3/2015 15:00,20.21
SP,S1 GF LIGHTING INC1,11/3/2015 16:00,18.472
SP,S1 GF LIGHTING INC1,11/3/2015 17:00,19.565
SP,S1 GF LIGHTING INC1,11/3/2015 18:00,19.206
SP,S1 GF LIGHTING INC1,11/3/2015 19:00,19.425
SP,S1 GF LIGHTING INC1,11/3/2015 20:00,18.351
SP,S1 GF LIGHTING INC1,11/3/2015 21:00,13.717
SP,S1 GF LIGHTING INC1,11/3/2015 22:00,11.514
SP,S1 GF LIGHTING INC1,11/3/2015 23:00,9.723
SP,S1 GF LIGHTING INC1,11/4/2015 0:00,8.09
SP,S1 GF LIGHTING INC1,11/4/2015 1:00,6.94
SP,S1 GF LIGHTING INC1,11/4/2015 2:00,5.774
SP,S1 GF LIGHTING INC1,11/4/2015 3:00,6.786
SP,S1 GF LIGHTING INC1,11/4/2015 4:00,5.768
SP,S1 GF LIGHTING INC1,11/4/2015 5:00,5.264
SP,S1 GF LIGHTING INC1,11/4/2015 6:00,5.328
SP,S1 GF LIGHTING INC1,11/4/2015 7:00,6.143
SP,S1 GF LIGHTING INC1,11/4/2015 8:00,6.633
SP,S1 GF LIGHTING INC1,11/4/2015 9:00,9.638
SP,S1 GF LIGHTING INC1,11/4/2015 10:00,15.212
SP,S1 GF LIGHTING INC1,11/4/2015 11:00,18.608
SP,S1 GF LIGHTING INC1,11/4/2015 12:00,19.609
SP,S1 GF LIGHTING INC1,11/4/2015 13:00,18.478
SP,S1 GF LIGHTING INC1,11/4/2015 14:00,19.037
SP,S1 GF LIGHTING INC1,11/4/2015 15:00,19.335
SP,S1 GF LIGHTING INC1,11/4/2015 16:00,19.61
SP,S1 GF LIGHTING INC1,11/4/2015 17:00,19.767
SP,S1 GF LIGHTING INC1,11/4/2015 18:00,19.711
SP,S1 GF LIGHTING INC1,11/4/2015 19:00,20.25
SP,S1 GF LIGHTING INC1,11/4/2015 20:00,18.163
SP,S1 GF LIGHTING INC1,11/4/2015 21:00,14.048
SP,S1 GF LIGHTING INC1,11/4/2015 22:00,13.057
SP,S1 GF LIGHTING INC1,11/4/2015 23:00,11.286
SP,S1 GF LIGHTING INC1,11/5/2015 0:00,9.398
SP,S1 GF LIGHTING INC1,11/5/2015 1:00,7.638
SP,S1 GF LIGHTING INC1,11/5/2015 2:00,6.205
SP,S1 GF LIGHTING INC1,11/5/2015 3:00,7.925
SP,S1 GF LIGHTING INC1,11/5/2015 4:00,4.495
SP,S1 GF LIGHTING INC1,11/5/2015 5:00,4.495
SP,S1 GF LIGHTING INC1,11/5/2015 6:00,4.495
SP,S1 GF LIGHTING INC1,11/5/2015 7:00,4.495
SP,S1 GF LIGHTING INC1,11/5/2015 8:00,4.495
SP,S1 GF LIGHTING INC1,11/5/2015 9:00,4.495
SP,S1 GF LIGHTING INC1,11/5/2015 10:00,19.549
SP,S1 GF LIGHTING INC1,11/5/2015 11:00,19.549
SP,S1 GF LIGHTING INC1,11/5/2015 12:00,19.549
SP,S1 GF LIGHTING INC1,11/5/2015 13:00,19.549
SP,S1 GF LIGHTING INC1,11/5/2015 14:00,19.549
SP,S1 GF LIGHTING INC1,11/5/2015 15:00,19.549
SP,S1 GF LIGHTING INC1,11/5/2015 16:00,19.58
SP,S1 GF LIGHTING INC1,11/5/2015 17:00,19.846
SP,S1 GF LIGHTING INC1,11/5/2015 18:00,19.219
SP,S1 GF LIGHTING INC1,11/5/2015 19:00,19.113
SP,S1 GF LIGHTING INC1,11/5/2015 20:00,17.137
SP,S1 GF LIGHTING INC1,11/5/2015 21:00,13.259
SP,S1 GF LIGHTING INC1,11/5/2015 22:00,11.938
SP,S1 GF LIGHTING INC1,11/5/2015 23:00,11.532
SP,S1 GF LIGHTING INC1,11/6/2015 0:00,10.053
SP,S1 GF LIGHTING INC1,11/6/2015 1:00,7.975
SP,S1 GF LIGHTING INC1,11/6/2015 2:00,6.989
SP,S1 GF LIGHTING INC1,11/6/2015 3:00,6.134
SP,S1 GF LIGHTING INC1,11/6/2015 4:00,6.977
SP,S1 GF LIGHTING INC1,11/6/2015 5:00,5.701
SP,S1 GF LIGHTING INC1,11/6/2015 6:00,5.8
SP,S1 GF LIGHTING INC1,11/6/2015 7:00,6.559
SP,S1 GF LIGHTING INC1,11/6/2015 8:00,7.669
SP,S1 GF LIGHTING INC1,11/6/2015 9:00,11.281
SP,S1 GF LIGHTING INC1,11/6/2015 10:00,15.619
SP,S1 GF LIGHTING INC1,11/6/2015 11:00,18.888
SP,S1 GF LIGHTING INC1,11/6/2015 12:00,19.407
SP,S1 GF LIGHTING INC1,11/6/2015 13:00,17.719
SP,S1 GF LIGHTING INC1,11/6/2015 14:00,18.103
SP,S1 GF LIGHTING INC1,11/6/2015 15:00,18.38
SP,S1 GF LIGHTING INC1,11/6/2015 16:00,19.099
SP,S1 GF LIGHTING INC1,11/6/2015 17:00,18.123
SP,S1 GF LIGHTING INC1,11/6/2015 18:00,17.971
SP,S1 GF LIGHTING INC1,11/6/2015 19:00,17.523
SP,S1 GF LIGHTING INC1,11/6/2015 20:00,14.433
SP,S1 GF LIGHTING INC1,11/6/2015 21:00,12.579
SP,S1 GF LIGHTING INC1,11/6/2015 22:00,10.761
SP,S1 GF LIGHTING INC1,11/6/2015 23:00,9.288
SP,S1 GF LIGHTING INC1,11/7/2015 0:00,7.821
SP,S1 GF LIGHTING INC1,11/7/2015 1:00,6.824
SP,S1 GF LIGHTING INC1,11/7/2015 2:00,6.015
SP,S1 GF LIGHTING INC1,11/7/2015 3:00,5.945
SP,S1 GF LIGHTING INC1,11/7/2015 4:00,5.909
SP,S1 GF LIGHTING INC1,11/7/2015 5:00,6.132
SP,S1 GF LIGHTING INC1,11/7/2015 6:00,6.071
SP,S1 GF LIGHTING INC1,11/7/2015 7:00,6.129
SP,S1 GF LIGHTING INC1,11/7/2015 8:00,5.76
SP,S1 GF LIGHTING INC1,11/7/2015 9:00,5.074
SP,S1 GF LIGHTING INC1,11/7/2015 10:00,8.561
SP,S1 GF LIGHTING INC1,11/7/2015 11:00,7.71
SP,S1 GF LIGHTING INC1,11/7/2015 12:00,8.059
SP,S1 GF LIGHTING INC1,11/7/2015 13:00,8.243
SP,S1 GF LIGHTING INC1,11/7/2015 14:00,8.022
SP,S1 GF LIGHTING INC1,11/7/2015 15:00,7.792
SP,S1 GF LIGHTING INC1,11/7/2015 16:00,8.106
SP,S1 GF LIGHTING INC1,11/7/2015 17:00,6.694
SP,S1 GF LIGHTING INC1,11/7/2015 18:00,6.931
SP,S1 GF LIGHTING INC1,11/7/2015 19:00,6.001
SP,S1 GF LIGHTING INC1,11/7/2015 20:00,5.743
SP,S1 GF LIGHTING INC1,11/7/2015 21:00,5.315
SP,S1 GF LIGHTING INC1,11/7/2015 22:00,5.47
SP,S1 GF LIGHTING INC1,11/7/2015 23:00,5.5
SP,S1 GF LIGHTING INC1,11/8/2015 0:00,5.466
SP,S1 GF LIGHTING INC1,11/8/2015 1:00,6.819
SP,S1 GF LIGHTING INC1,11/8/2015 2:00,9.731
SP,S1 GF LIGHTING INC1,11/8/2015 3:00,8.905
SP,S1 GF LIGHTING INC1,11/8/2015 4:00,5.353
SP,S1 GF LIGHTING INC1,11/8/2015 5:00,5.41
SP,S1 GF LIGHTING INC1,11/8/2015 6:00,5.28
SP,S1 GF LIGHTING INC1,11/8/2015 7:00,5.333
SP,S1 GF LIGHTING INC1,11/8/2015 8:00,5.709
SP,S1 GF LIGHTING INC1,11/8/2015 9:00,5.839
SP,S1 GF LIGHTING INC1,11/8/2015 10:00,6.117
SP,S1 GF LIGHTING INC1,11/8/2015 11:00,5.756
SP,S1 GF LIGHTING INC1,11/8/2015 12:00,6.03
SP,S1 GF LIGHTING INC1,11/8/2015 13:00,6.1
SP,S1 GF LIGHTING INC1,11/8/2015 14:00,6.113
SP,S1 GF LIGHTING INC1,11/8/2015 15:00,5.931
SP,S1 GF LIGHTING INC1,11/8/2015 16:00,6.215
SP,S1 GF LIGHTING INC1,11/8/2015 17:00,6.27
SP,S1 GF LIGHTING INC1,11/8/2015 18:00,6.284
SP,S1 GF LIGHTING INC1,11/8/2015 19:00,6.474
SP,S1 GF LIGHTING INC1,11/8/2015 20:00,6.179
SP,S1 GF LIGHTING INC1,11/8/2015 21:00,5.663
SP,S1 GF LIGHTING INC1,11/8/2015 22:00,6.107
SP,S1 GF LIGHTING INC1,11/8/2015 23:00,6.751
SP,S1 GF LIGHTING INC1,11/9/2015 0:00,5.771
SP,S1 GF LIGHTING INC1,11/9/2015 1:00,5.685
SP,S1 GF LIGHTING INC1,11/9/2015 2:00,5.78
SP,S1 GF LIGHTING INC1,11/9/2015 3:00,6.252
SP,S1 GF LIGHTING INC1,11/9/2015 4:00,5.437
SP,S1 GF LIGHTING INC1,11/9/2015 5:00,5.528
SP,S1 GF LIGHTING INC1,11/9/2015 6:00,5.713
SP,S1 GF LIGHTING INC1,11/9/2015 7:00,5.93
SP,S1 GF LIGHTING INC1,11/9/2015 8:00,7.563
SP,S1 GF LIGHTING INC1,11/9/2015 9:00,9.174
SP,S1 GF LIGHTING INC1,11/9/2015 10:00,12.089
SP,S1 GF LIGHTING INC1,11/9/2015 11:00,14.736
SP,S1 GF LIGHTING INC1,11/9/2015 12:00,16.067
SP,S1 GF LIGHTING INC1,11/9/2015 13:00,16.795
SP,S1 GF LIGHTING INC1,11/9/2015 14:00,15.522
SP,S1 GF LIGHTING INC1,11/9/2015 15:00,16.775
SP,S1 GF LIGHTING INC1,11/9/2015 16:00,16.266
SP,S1 GF LIGHTING INC1,11/9/2015 17:00,14.953
SP,S1 GF LIGHTING INC1,11/9/2015 18:00,13.598
SP,S1 GF LIGHTING INC1,11/9/2015 19:00,12.481
SP,S1 GF LIGHTING INC1,11/9/2015 20:00,9.922
SP,S1 GF LIGHTING INC1,11/9/2015 21:00,7.87
SP,S1 GF LIGHTING INC1,11/9/2015 22:00,7.773
SP,S1 GF LIGHTING INC1,11/9/2015 23:00,6.998
SP,S1 GF LIGHTING INC1,11/10/2015 0:00,6.549
SP,S1 GF LIGHTING INC1,11/10/2015 1:00,7.497
SP,S1 GF LIGHTING INC1,11/10/2015 2:00,7.699
SP,S1 GF LIGHTING INC1,11/10/2015 3:00,7.836
SP,S1 GF LIGHTING INC1,11/10/2015 4:00,7.837
SP,S1 GF LIGHTING INC1,11/10/2015 5:00,6.497
SP,S1 GF LIGHTING INC1,11/10/2015 6:00,5.937
SP,S1 GF LIGHTING INC1,11/10/2015 7:00,5.865
SP,S1 GF LIGHTING INC1,11/10/2015 8:00,6.45
SP,S1 GF LIGHTING INC1,11/10/2015 9:00,6.244
SP,S1 GF LIGHTING INC1,11/10/2015 10:00,7.796
SP,S1 GF LIGHTING INC1,11/10/2015 11:00,7.013
SP,S1 GF LIGHTING INC1,11/10/2015 12:00,7.126
SP,S1 GF LIGHTING INC1,11/10/2015 13:00,7.624
SP,S1 GF LIGHTING INC1,11/10/2015 14:00,7.37
SP,S1 GF LIGHTING INC1,11/10/2015 15:00,7.662
SP,S1 GF LIGHTING INC1,11/10/2015 16:00,7.592
SP,S1 GF LIGHTING INC1,11/10/2015 17:00,7.334
SP,S1 GF LIGHTING INC1,11/10/2015 18:00,7.189
SP,S1 GF LIGHTING INC1,11/10/2015 19:00,6.736
SP,S1 GF LIGHTING INC1,11/10/2015 20:00,6.19
SP,S1 GF LIGHTING INC1,11/10/2015 21:00,6.142
SP,S1 GF LIGHTING INC1,11/10/2015 22:00,6.246
SP,S1 GF LIGHTING INC1,11/10/2015 23:00,5.95
SP,S1 GF LIGHTING INC1,11/11/2015 0:00,6.145
SP,S1 GF LIGHTING INC1,11/11/2015 1:00,5.759
SP,S1 GF LIGHTING INC1,11/11/2015 2:00,5.815
SP,S1 GF LIGHTING INC1,11/11/2015 3:00,6.728
SP,S1 GF LIGHTING INC1,11/11/2015 4:00,6.001
SP,S1 GF LIGHTING INC1,11/11/2015 5:00,6.154
SP,S1 GF LIGHTING INC1,11/11/2015 6:00,5.897
SP,S1 GF LIGHTING INC1,11/11/2015 7:00,5.961
SP,S1 GF LIGHTING INC1,11/11/2015 8:00,6.613
SP,S1 GF LIGHTING INC1,11/11/2015 9:00,8.358
SP,S1 GF LIGHTING INC1,11/11/2015 10:00,12.132
SP,S1 GF LIGHTING INC1,11/11/2015 11:00,15.484
SP,S1 GF LIGHTING INC1,11/11/2015 12:00,16.679
SP,S1 GF LIGHTING INC1,11/11/2015 13:00,17.17
SP,S1 GF LIGHTING INC1,11/11/2015 14:00,17.138
SP,S1 GF LIGHTING INC1,11/11/2015 15:00,17.485
SP,S1 GF LIGHTING INC1,11/11/2015 16:00,18.273
SP,S1 GF LIGHTING INC1,11/11/2015 17:00,17.654
SP,S1 GF LIGHTING INC1,11/11/2015 18:00,16.858
SP,S1 GF LIGHTING INC1,11/11/2015 19:00,17.471
SP,S1 GF LIGHTING INC1,11/11/2015 20:00,14.881
SP,S1 GF LIGHTING INC1,11/11/2015 21:00,11.795
SP,S1 GF LIGHTING INC1,11/11/2015 22:00,9.776
SP,S1 GF LIGHTING INC1,11/11/2015 23:00,9.568
SP,S1 GF LIGHTING INC1,11/12/2015 0:00,8.422
SP,S1 GF LIGHTING INC1,11/12/2015 1:00,6.412
SP,S1 GF LIGHTING INC1,11/12/2015 2:00,5.809
SP,S1 GF LIGHTING INC1,11/12/2015 3:00,5.889
SP,S1 GF LIGHTING INC1,11/12/2015 4:00,7.187
SP,S1 GF LIGHTING INC1,11/12/2015 5:00,6.079
SP,S1 GF LIGHTING INC1,11/12/2015 6:00,5.833
SP,S1 GF LIGHTING INC1,11/12/2015 7:00,6.125
SP,S1 GF LIGHTING INC1,11/12/2015 8:00,6.9
SP,S1 GF LIGHTING INC1,11/12/2015 9:00,8.587
SP,S1 GF LIGHTING INC1,11/12/2015 10:00,14.204
SP,S1 GF LIGHTING INC1,11/12/2015 11:00,18.046
SP,S1 GF LIGHTING INC1,11/12/2015 12:00,18.536
SP,S1 GF LIGHTING INC1,11/12/2015 13:00,18.459
SP,S1 GF LIGHTING INC1,11/12/2015 14:00,18.049
SP,S1 GF LIGHTING INC1,11/12/2015 15:00,19.239
SP,S1 GF LIGHTING INC1,11/12/2015 16:00,19.451
SP,S1 GF LIGHTING INC1,11/12/2015 17:00,19.363
SP,S1 GF LIGHTING INC1,11/12/2015 18:00,19.405
SP,S1 GF LIGHTING INC1,11/12/2015 19:00,18.802
SP,S1 GF LIGHTING INC1,11/12/2015 20:00,17.285
SP,S1 GF LIGHTING INC1,11/12/2015 21:00,13.338
SP,S1 GF LIGHTING INC1,11/12/2015 22:00,11.264
SP,S1 GF LIGHTING INC1,11/12/2015 23:00,10.243
SP,S1 GF LIGHTING INC1,11/13/2015 0:00,8.719
SP,S1 GF LIGHTING INC1,11/13/2015 1:00,6.8
SP,S1 GF LIGHTING INC1,11/13/2015 2:00,6.496
SP,S1 GF LIGHTING INC1,11/13/2015 3:00,5.952
SP,S1 GF LIGHTING INC1,11/13/2015 4:00,5.969
SP,S1 GF LIGHTING INC1,11/13/2015 5:00,7.46
SP,S1 GF LIGHTING INC1,11/13/2015 6:00,6.148
SP,S1 GF LIGHTING INC1,11/13/2015 7:00,6.089
SP,S1 GF LIGHTING INC1,11/13/2015 8:00,6.412
SP,S1 GF LIGHTING INC1,11/13/2015 9:00,8.518
SP,S1 GF LIGHTING INC1,11/13/2015 10:00,12.493
SP,S1 GF LIGHTING INC1,11/13/2015 11:00,15.879
SP,S1 GF LIGHTING INC1,11/13/2015 12:00,17.107
SP,S1 GF LIGHTING INC1,11/13/2015 13:00,17.649
SP,S1 GF LIGHTING INC1,11/13/2015 14:00,17.801
SP,S1 GF LIGHTING INC1,11/13/2015 15:00,18.739
SP,S1 GF LIGHTING INC1,11/13/2015 16:00,19.409
SP,S1 GF LIGHTING INC1,11/13/2015 17:00,19.334
SP,S1 GF LIGHTING INC1,11/13/2015 18:00,18.813
SP,S1 GF LIGHTING INC1,11/13/2015 19:00,16.584
SP,S1 GF LIGHTING INC1,11/13/2015 20:00,13.143
SP,S1 GF LIGHTING INC1,11/13/2015 21:00,10.017
SP,S1 GF LIGHTING INC1,11/13/2015 22:00,8.922
SP,S1 GF LIGHTING INC1,11/13/2015 23:00,8.482
SP,S1 GF LIGHTING INC1,11/14/2015 0:00,7.364
SP,S1 GF LIGHTING INC1,11/14/2015 1:00,6.44
SP,S1 GF LIGHTING INC1,11/14/2015 2:00,5.914
SP,S1 GF LIGHTING INC1,11/14/2015 3:00,5.806
SP,S1 GF LIGHTING INC1,11/14/2015 4:00,5.858
SP,S1 GF LIGHTING INC1,11/14/2015 5:00,5.985
SP,S1 GF LIGHTING INC1,11/14/2015 6:00,5.917
SP,S1 GF LIGHTING INC1,11/14/2015 7:00,5.939
SP,S1 GF LIGHTING INC1,11/14/2015 8:00,6.47
SP,S1 GF LIGHTING INC1,11/14/2015 9:00,6.631
SP,S1 GF LIGHTING INC1,11/14/2015 10:00,6.85
SP,S1 GF LIGHTING INC1,11/14/2015 11:00,8.133
SP,S1 GF LIGHTING INC1,11/14/2015 12:00,7.743
SP,S1 GF LIGHTING INC1,11/14/2015 13:00,6.743
SP,S1 GF LIGHTING INC1,11/14/2015 14:00,7.604
SP,S1 GF LIGHTING INC1,11/14/2015 15:00,7.315
SP,S1 GF LIGHTING INC1,11/14/2015 16:00,7.143
SP,S1 GF LIGHTING INC1,11/14/2015 17:00,7.586
SP,S1 GF LIGHTING INC1,11/14/2015 18:00,6.769
SP,S1 GF LIGHTING INC1,11/14/2015 19:00,6.369
SP,S1 GF LIGHTING INC1,11/14/2015 20:00,6.228
SP,S1 GF LIGHTING INC1,11/14/2015 21:00,6.326
SP,S1 GF LIGHTING INC1,11/14/2015 22:00,9.344
SP,S1 GF LIGHTING INC1,11/14/2015 23:00,7.715
SP,S1 GF LIGHTING INC1,11/15/2015 0:00,7.915
SP,S1 GF LIGHTING INC1,11/15/2015 1:00,8.736
SP,S1 GF LIGHTING INC1,11/15/2015 2:00,7.102
SP,S1 GF LIGHTING INC1,11/15/2015 3:00,5.812
SP,S1 GF LIGHTING INC1,11/15/2015 4:00,5.837
SP,S1 GF LIGHTING INC1,11/15/2015 5:00,5.881
SP,S1 GF LIGHTING INC1,11/15/2015 6:00,5.906
SP,S1 GF LIGHTING INC1,11/15/2015 7:00,5.698
SP,S1 GF LIGHTING INC1,11/15/2015 8:00,5.682
SP,S1 GF LIGHTING INC1,11/15/2015 9:00,5.84
SP,S1 GF LIGHTING INC1,11/15/2015 10:00,6.072
SP,S1 GF LIGHTING INC1,11/15/2015 11:00,5.936
SP,S1 GF LIGHTING INC1,11/15/2015 12:00,5.927
SP,S1 GF LIGHTING INC1,11/15/2015 13:00,6.012
SP,S1 GF LIGHTING INC1,11/15/2015 14:00,3.05
SP,S1 GF LIGHTING INC1,11/15/2015 15:00,3.05
SP,S1 GF LIGHTING INC1,11/15/2015 16:00,3.05
SP,S1 GF LIGHTING INC1,11/15/2015 17:00,3.05
SP,S1 GF LIGHTING INC1,11/15/2015 18:00,3.05
SP,S1 GF LIGHTING INC1,11/15/2015 19:00,3.05
SP,S1 GF LIGHTING INC1,11/15/2015 20:00,3.05
SP,S1 GF LIGHTING INC1,11/15/2015 21:00,3.05
SP,S1 GF LIGHTING INC1,11/15/2015 22:00,3.05
SP,S1 GF LIGHTING INC1,11/15/2015 23:00,3.05
SP,S1 GF LIGHTING INC1,11/15/2015 0:00,3.05
SP,S1 GF LIGHTING INC1,11/15/2015 1:00,3.05
SP,S1 GF LIGHTING INC1,11/15/2015 2:00,3.05
SP,S1 GF LIGHTING INC1,11/15/2015 3:00,3.05
SP,S1 GF LIGHTING INC1,11/15/2015 4:00,3.05
SP,S1 GF LIGHTING INC1,11/15/2015 5:00,3.05
SP,S1 GF LIGHTING INC1,11/15/2015 6:00,3.05
SP,S1 GF LIGHTING INC1,11/15/2015 7:00,3.05
SP,S1 GF LIGHTING INC1,11/15/2015 8:00,3.05
SP,S1 GF LIGHTING INC1,11/15/2015 9:00,3.05
SP,S1 GF LIGHTING INC1,11/15/2015 10:00,3.05
SP,S1 GF LIGHTING INC1,11/16/2015 11:00,16.295
SP,S1 GF LIGHTING INC1,11/16/2015 12:00,16.295
SP,S1 GF LIGHTING INC1,11/16/2015 13:00,16.267
SP,S1 GF LIGHTING INC1,11/16/2015 14:00,16.096
SP,S1 GF LIGHTING INC1,11/16/2015 15:00,16.969
SP,S1 GF LIGHTING INC1,11/16/2015 16:00,17.093
SP,S1 GF LIGHTING INC1,11/16/2015 17:00,15.67
SP,S1 GF LIGHTING INC1,11/16/2015 18:00,14.649
SP,S1 GF LIGHTING INC1,11/16/2015 19:00,11.329
SP,S1 GF LIGHTING INC1,11/16/2015 20:00,9.968
SP,S1 GF LIGHTING INC1,11/16/2015 21:00,8.512
SP,S1 GF LIGHTING INC1,11/16/2015 22:00,7.748
SP,S1 GF LIGHTING INC1,11/16/2015 23:00,6.829
SP,S1 GF LIGHTING INC1,11/17/2015 0:00,6.94
SP,S1 GF LIGHTING INC1,11/17/2015 1:00,6.736
SP,S1 GF LIGHTING INC1,11/17/2015 2:00,5.983
SP,S1 GF LIGHTING INC1,11/17/2015 3:00,7.274
SP,S1 GF LIGHTING INC1,11/17/2015 4:00,5.224
SP,S1 GF LIGHTING INC1,11/17/2015 5:00,5.265
SP,S1 GF LIGHTING INC1,11/17/2015 6:00,5.097
SP,S1 GF LIGHTING INC1,11/17/2015 7:00,5.996
SP,S1 GF LIGHTING INC1,11/17/2015 8:00,6.77
SP,S1 GF LIGHTING INC1,11/17/2015 9:00,9.04
SP,S1 GF LIGHTING INC1,11/17/2015 10:00,13.99
SP,S1 GF LIGHTING INC1,11/17/2015 11:00,16.86
SP,S1 GF LIGHTING INC1,11/17/2015 12:00,19.051
SP,S1 GF LIGHTING INC1,11/17/2015 13:00,18.702
SP,S1 GF LIGHTING INC1,11/17/2015 14:00,19.132
SP,S1 GF LIGHTING INC1,11/17/2015 15:00,19.698
SP,S1 GF LIGHTING INC1,11/17/2015 16:00,19.778
SP,S1 GF LIGHTING INC1,11/17/2015 17:00,19.526
SP,S1 GF LIGHTING INC1,11/17/2015 18:00,18.95
SP,S1 GF LIGHTING INC1,11/17/2015 19:00,18.674
SP,S1 GF LIGHTING INC1,11/17/2015 20:00,16.486
SP,S1 GF LIGHTING INC1,11/17/2015 21:00,12.172
SP,S1 GF LIGHTING INC1,11/17/2015 22:00,10.034
SP,S1 GF LIGHTING INC1,11/17/2015 23:00,9.756
SP,S1 GF LIGHTING INC1,11/18/2015 0:00,7.748
SP,S1 GF LIGHTING INC1,11/18/2015 1:00,6.624
SP,S1 GF LIGHTING INC1,11/18/2015 2:00,6.258
SP,S1 GF LIGHTING INC1,11/18/2015 3:00,6.664
SP,S1 GF LIGHTING INC1,11/18/2015 4:00,6.258
SP,S1 GF LIGHTING INC1,11/18/2015 5:00,5.63
SP,S1 GF LIGHTING INC1,11/18/2015 6:00,5.578
SP,S1 GF LIGHTING INC1,11/18/2015 7:00,6.288
SP,S1 GF LIGHTING INC1,11/18/2015 8:00,7.324
SP,S1 GF LIGHTING INC1,11/18/2015 9:00,10.508
SP,S1 GF LIGHTING INC1,11/18/2015 10:00,14.904
SP,S1 GF LIGHTING INC1,11/18/2015 11:00,18.494
SP,S1 GF LIGHTING INC1,11/18/2015 12:00,19.564
SP,S1 GF LIGHTING INC1,11/18/2015 13:00,19.262
SP,S1 GF LIGHTING INC1,11/18/2015 14:00,18.436
SP,S1 GF LIGHTING INC1,11/18/2015 15:00,20.118
SP,S1 GF LIGHTING INC1,11/18/2015 16:00,20.398
SP,S1 GF LIGHTING INC1,11/18/2015 17:00,19.682
SP,S1 GF LIGHTING INC1,11/18/2015 18:00,20.136
SP,S1 GF LIGHTING INC1,11/18/2015 19:00,19.758
SP,S1 GF LIGHTING INC1,11/18/2015 20:00,17.466
SP,S1 GF LIGHTING INC1,11/18/2015 21:00,13.316
SP,S1 GF LIGHTING INC1,11/18/2015 22:00,10.928
SP,S1 GF LIGHTING INC1,11/18/2015 23:00,9.856
SP,S1 GF LIGHTING INC1,11/19/2015 0:00,8.408
SP,S1 GF LIGHTING INC1,11/19/2015 1:00,7.568
SP,S1 GF LIGHTING INC1,11/19/2015 2:00,6.124
SP,S1 GF LIGHTING INC1,11/19/2015 3:00,5.912
SP,S1 GF LIGHTING INC1,11/19/2015 4:00,7.628
SP,S1 GF LIGHTING INC1,11/19/2015 5:00,6.088
SP,S1 GF LIGHTING INC1,11/19/2015 6:00,5.868
SP,S1 GF LIGHTING INC1,11/19/2015 7:00,6.386
SP,S1 GF LIGHTING INC1,11/19/2015 8:00,6.412
SP,S1 GF LIGHTING INC1,11/19/2015 9:00,9.844
SP,S1 GF LIGHTING INC1,11/19/2015 10:00,15.544
SP,S1 GF LIGHTING INC1,11/19/2015 11:00,18.102
SP,S1 GF LIGHTING INC1,11/19/2015 12:00,19.2
SP,S1 GF LIGHTING INC1,11/19/2015 13:00,19.04
SP,S1 GF LIGHTING INC1,11/19/2015 14:00,18.434
SP,S1 GF LIGHTING INC1,11/19/2015 15:00,19.648
SP,S1 GF LIGHTING INC1,11/19/2015 16:00,20.692
SP,S1 GF LIGHTING INC1,11/19/2015 17:00,19.752
SP,S1 GF LIGHTING INC1,11/19/2015 18:00,19.496
SP,S1 GF LIGHTING INC1,11/19/2015 19:00,19.214
SP,S1 GF LIGHTING INC1,11/19/2015 20:00,17.352
SP,S1 GF LIGHTING INC1,11/19/2015 21:00,13.508
SP,S1 GF LIGHTING INC1,11/19/2015 22:00,12.36
SP,S1 GF LIGHTING INC1,11/19/2015 23:00,10.676
SP,S1 GF LIGHTING INC1,11/20/2015 0:00,8.866
SP,S1 GF LIGHTING INC1,11/20/2015 1:00,7.366
SP,S1 GF LIGHTING INC1,11/20/2015 2:00,6.574
SP,S1 GF LIGHTING INC1,11/20/2015 3:00,6.796
SP,S1 GF LIGHTING INC1,11/20/2015 4:00,6.706
SP,S1 GF LIGHTING INC1,11/20/2015 5:00,5.736
SP,S1 GF LIGHTING INC1,11/20/2015 6:00,5.49
SP,S1 GF LIGHTING INC1,11/20/2015 7:00,6.13
SP,S1 GF LIGHTING INC1,11/20/2015 8:00,7.93
SP,S1 GF LIGHTING INC1,11/20/2015 9:00,11.082
SP,S1 GF LIGHTING INC1,11/20/2015 10:00,15.298
SP,S1 GF LIGHTING INC1,11/20/2015 11:00,13.726
SP,S1 GF LIGHTING INC1,11/20/2015 12:00,23.25
SP,S1 GF LIGHTING INC1,11/20/2015 13:00,14.076
SP,S1 GF LIGHTING INC1,11/20/2015 14:00,23.092
SP,S1 GF LIGHTING INC1,11/20/2015 15:00,19.59
SP,S1 GF LIGHTING INC1,11/20/2015 16:00,19.844
SP,S1 GF LIGHTING INC1,11/20/2015 17:00,19.648
SP,S1 GF LIGHTING INC1,11/20/2015 18:00,19.19
SP,S1 GF LIGHTING INC1,11/20/2015 19:00,18.768
SP,S1 GF LIGHTING INC1,11/20/2015 20:00,17.518
SP,S1 GF LIGHTING INC1,11/20/2015 21:00,13.16
SP,S1 GF LIGHTING INC1,11/20/2015 22:00,12.238
SP,S1 GF LIGHTING INC1,11/20/2015 23:00,11.33
SP,S1 GF LIGHTING INC1,11/21/2015 0:00,9.082
SP,S1 GF LIGHTING INC1,11/21/2015 1:00,7.978
SP,S1 GF LIGHTING INC1,11/21/2015 2:00,7.432
SP,S1 GF LIGHTING INC1,11/21/2015 3:00,6.656
SP,S1 GF LIGHTING INC1,11/21/2015 4:00,6.86
SP,S1 GF LIGHTING INC1,11/21/2015 5:00,7.564
SP,S1 GF LIGHTING INC1,11/21/2015 6:00,6.802
SP,S1 GF LIGHTING INC1,11/21/2015 7:00,6.56
SP,S1 GF LIGHTING INC1,11/21/2015 8:00,7.096
SP,S1 GF LIGHTING INC1,11/21/2015 9:00,7.78
SP,S1 GF LIGHTING INC1,11/21/2015 10:00,8.126
SP,S1 GF LIGHTING INC1,11/21/2015 11:00,9.78
SP,S1 GF LIGHTING INC1,11/21/2015 12:00,10.168
SP,S1 GF LIGHTING INC1,11/21/2015 13:00,9.954
SP,S1 GF LIGHTING INC1,11/21/2015 14:00,9.146
SP,S1 GF LIGHTING INC1,11/21/2015 15:00,9.7
SP,S1 GF LIGHTING INC1,11/21/2015 16:00,9.898
SP,S1 GF LIGHTING INC1,11/21/2015 17:00,9.762
SP,S1 GF LIGHTING INC1,11/21/2015 18:00,8.446
SP,S1 GF LIGHTING INC1,11/21/2015 19:00,8.388
SP,S1 GF LIGHTING INC1,11/21/2015 20:00,7.964
SP,S1 GF LIGHTING INC1,11/21/2015 21:00,7.284
SP,S1 GF LIGHTING INC1,11/21/2015 22:00,6.478
SP,S1 GF LIGHTING INC1,11/21/2015 23:00,6.738
SP,S1 GF LIGHTING INC1,11/22/2015 0:00,6.724
SP,S1 GF LIGHTING INC1,11/22/2015 1:00,6.394
SP,S1 GF LIGHTING INC1,11/22/2015 2:00,6.28
SP,S1 GF LIGHTING INC1,11/22/2015 3:00,6.316
SP,S1 GF LIGHTING INC1,11/22/2015 4:00,6.118
SP,S1 GF LIGHTING INC1,11/22/2015 5:00,6.276
SP,S1 GF LIGHTING INC1,11/22/2015 6:00,6.458
SP,S1 GF LIGHTING INC1,11/22/2015 7:00,7.218
SP,S1 GF LIGHTING INC1,11/22/2015 8:00,8.274
SP,S1 GF LIGHTING INC1,11/22/2015 9:00,8.076
SP,S1 GF LIGHTING INC1,11/22/2015 10:00,7.324
SP,S1 GF LIGHTING INC1,11/22/2015 11:00,9.344
SP,S1 GF LIGHTING INC1,11/22/2015 12:00,8.62
SP,S1 GF LIGHTING INC1,11/22/2015 13:00,9.988
SP,S1 GF LIGHTING INC1,11/22/2015 14:00,7.818
SP,S1 GF LIGHTING INC1,11/22/2015 15:00,6.676
SP,S1 GF LIGHTING INC1,11/22/2015 16:00,6.696
SP,S1 GF LIGHTING INC1,11/22/2015 17:00,6.924
SP,S1 GF LIGHTING INC1,11/22/2015 18:00,7.064
SP,S1 GF LIGHTING INC1,11/22/2015 19:00,7.394
SP,S1 GF LIGHTING INC1,11/22/2015 20:00,7.172
SP,S1 GF LIGHTING INC1,11/22/2015 21:00,7.244
SP,S1 GF LIGHTING INC1,11/22/2015 22:00,6.654
SP,S1 GF LIGHTING INC1,11/22/2015 23:00,6.618
SP,S1 GF LIGHTING INC1,11/23/2015 0:00,6.77
SP,S1 GF LIGHTING INC1,11/23/2015 1:00,6.28
SP,S1 GF LIGHTING INC1,11/23/2015 2:00,6.21
SP,S1 GF LIGHTING INC1,11/23/2015 3:00,7.028
SP,S1 GF LIGHTING INC1,11/23/2015 4:00,6.166
SP,S1 GF LIGHTING INC1,11/23/2015 5:00,6.424
SP,S1 GF LIGHTING INC1,11/23/2015 6:00,6.522
SP,S1 GF LIGHTING INC1,11/23/2015 7:00,6.366
SP,S1 GF LIGHTING INC1,11/23/2015 8:00,7.058
SP,S1 GF LIGHTING INC1,11/23/2015 9:00,9.372
SP,S1 GF LIGHTING INC1,11/23/2015 10:00,12.802
SP,S1 GF LIGHTING INC1,11/23/2015 11:00,16.752
SP,S1 GF LIGHTING INC1,11/23/2015 12:00,19.054
SP,S1 GF LIGHTING INC1,11/23/2015 13:00,19.154
SP,S1 GF LIGHTING INC1,11/23/2015 14:00,18.16
SP,S1 GF LIGHTING INC1,11/23/2015 15:00,20.046
SP,S1 GF LIGHTING INC1,11/23/2015 16:00,19.278
SP,S1 GF LIGHTING INC1,11/23/2015 17:00,19.118
SP,S1 GF LIGHTING INC1,11/23/2015 18:00,19.728
SP,S1 GF LIGHTING INC1,11/23/2015 19:00,19.552
SP,S1 GF LIGHTING INC1,11/23/2015 20:00,17.666
SP,S1 GF LIGHTING INC1,11/23/2015 21:00,12.434
SP,S1 GF LIGHTING INC1,11/23/2015 22:00,12.344
SP,S1 GF LIGHTING INC1,11/23/2015 23:00,12.168
SP,S1 GF LIGHTING INC1,11/24/2015 0:00,11.432
SP,S1 GF LIGHTING INC1,11/24/2015 1:00,8.902
SP,S1 GF LIGHTING INC1,11/24/2015 2:00,8.012
SP,S1 GF LIGHTING INC1,11/24/2015 3:00,7.284
SP,S1 GF LIGHTING INC1,11/24/2015 4:00,7.552
SP,S1 GF LIGHTING INC1,11/24/2015 5:00,6.274
SP,S1 GF LIGHTING INC1,11/24/2015 6:00,6.142
SP,S1 GF LIGHTING INC1,11/24/2015 7:00,6.404
SP,S1 GF LIGHTING INC1,11/24/2015 8:00,6.994
SP,S1 GF LIGHTING INC1,11/24/2015 9:00,7.168
SP,S1 GF LIGHTING INC1,11/24/2015 10:00,8.694
SP,S1 GF LIGHTING INC1,11/24/2015 11:00,9.956
SP,S1 GF LIGHTING INC1,11/24/2015 12:00,10.784
SP,S1 GF LIGHTING INC1,11/24/2015 13:00,11.35
SP,S1 GF LIGHTING INC1,11/24/2015 14:00,10.728
SP,S1 GF LIGHTING INC1,11/24/2015 15:00,10.75
SP,S1 GF LIGHTING INC1,11/24/2015 16:00,10.172
SP,S1 GF LIGHTING INC1,11/24/2015 17:00,9.888
SP,S1 GF LIGHTING INC1,11/24/2015 18:00,9.172
SP,S1 GF LIGHTING INC1,11/24/2015 19:00,9.728
SP,S1 GF LIGHTING INC1,11/24/2015 20:00,7.87
SP,S1 GF LIGHTING INC1,11/24/2015 21:00,7.558
SP,S1 GF LIGHTING INC1,11/24/2015 22:00,7.028
SP,S1 GF LIGHTING INC1,11/24/2015 23:00,6.484
SP,S1 GF LIGHTING INC1,11/25/2015 0:00,6.404
SP,S1 GF LIGHTING INC1,11/25/2015 1:00,6.446
SP,S1 GF LIGHTING INC1,11/25/2015 2:00,6.222
SP,S1 GF LIGHTING INC1,11/25/2015 3:00,5.382
SP,S1 GF LIGHTING INC1,11/25/2015 4:00,6.704
SP,S1 GF LIGHTING INC1,11/25/2015 5:00,5.414
SP,S1 GF LIGHTING INC1,11/25/2015 6:00,5.478
SP,S1 GF LIGHTING INC1,11/25/2015 7:00,6.32
SP,S1 GF LIGHTING INC1,11/25/2015 8:00,7.572
SP,S1 GF LIGHTING INC1,11/25/2015 9:00,10.13
SP,S1 GF LIGHTING INC1,11/25/2015 10:00,14.62
SP,S1 GF LIGHTING INC1,11/25/2015 11:00,17.856
SP,S1 GF LIGHTING INC1,11/25/2015 12:00,19.48
SP,S1 GF LIGHTING INC1,11/25/2015 13:00,18.81
SP,S1 GF LIGHTING INC1,11/25/2015 14:00,18.52
SP,S1 GF LIGHTING INC1,11/25/2015 15:00,19.58
SP,S1 GF LIGHTING INC1,11/25/2015 16:00,20.196
SP,S1 GF LIGHTING INC1,11/25/2015 17:00,9.402
SP,S1 GF LIGHTING INC1,11/25/2015 18:00,31.286
SP,S1 GF LIGHTING INC1,11/25/2015 19:00,17.388
SP,S1 GF LIGHTING INC1,11/25/2015 20:00,18.03
SP,S1 GF LIGHTING INC1,11/25/2015 21:00,13.878
SP,S1 GF LIGHTING INC1,11/25/2015 22:00,13.04
SP,S1 GF LIGHTING INC1,11/25/2015 23:00,11.676
SP,S1 GF LIGHTING INC1,11/26/2015 0:00,8.826
SP,S1 GF LIGHTING INC1,11/26/2015 1:00,7.998
SP,S1 GF LIGHTING INC1,11/26/2015 2:00,6.734
SP,S1 GF LIGHTING INC1,11/26/2015 3:00,7.028
SP,S1 GF LIGHTING INC1,11/26/2015 4:00,7.904
SP,S1 GF LIGHTING INC1,11/26/2015 5:00,6.218
SP,S1 GF LIGHTING INC1,11/26/2015 6:00,5.986
SP,S1 GF LIGHTING INC1,11/26/2015 7:00,6.49
SP,S1 GF LIGHTING INC1,11/26/2015 8:00,7.158
SP,S1 GF LIGHTING INC1,11/26/2015 9:00,9.438
SP,S1 GF LIGHTING INC1,11/26/2015 10:00,14.712
SP,S1 GF LIGHTING INC1,11/26/2015 11:00,18.22
SP,S1 GF LIGHTING INC1,11/26/2015 12:00,19.264
SP,S1 GF LIGHTING INC1,11/26/2015 13:00,18.388
SP,S1 GF LIGHTING INC1,11/26/2015 14:00,18.602
SP,S1 GF LIGHTING INC1,11/26/2015 15:00,20.002
SP,S1 GF LIGHTING INC1,11/26/2015 16:00,19.542
SP,S1 GF LIGHTING INC1,11/26/2015 17:00,18.624
SP,S1 GF LIGHTING INC1,11/26/2015 18:00,19.114
SP,S1 GF LIGHTING INC1,11/26/2015 19:00,17.724
SP,S1 GF LIGHTING INC1,11/26/2015 20:00,14.578
SP,S1 GF LIGHTING INC1,11/26/2015 21:00,10.416
SP,S1 GF LIGHTING INC1,11/26/2015 22:00,8.714
SP,S1 GF LIGHTING INC1,11/26/2015 23:00,7.848
SP,S1 GF LIGHTING INC1,11/27/2015 0:00,7.096
SP,S1 GF LIGHTING INC1,11/27/2015 1:00,6.628
SP,S1 GF LIGHTING INC1,11/27/2015 2:00,6.412
SP,S1 GF LIGHTING INC1,11/27/2015 3:00,5.916
SP,S1 GF LIGHTING INC1,11/27/2015 4:00,7.864
SP,S1 GF LIGHTING INC1,11/27/2015 5:00,5.658
SP,S1 GF LIGHTING INC1,11/27/2015 6:00,5.878
SP,S1 GF LIGHTING INC1,11/27/2015 7:00,6.448
SP,S1 GF LIGHTING INC1,11/27/2015 8:00,6.884
SP,S1 GF LIGHTING INC1,11/27/2015 9:00,10.094
SP,S1 GF LIGHTING INC1,11/27/2015 10:00,15.776
SP,S1 GF LIGHTING INC1,11/27/2015 11:00,17.72
SP,S1 GF LIGHTING INC1,11/27/2015 12:00,19.902
SP,S1 GF LIGHTING INC1,11/27/2015 13:00,18.768
SP,S1 GF LIGHTING INC1,11/27/2015 14:00,19.176
SP,S1 GF LIGHTING INC1,11/27/2015 15:00,18.852
SP,S1 GF LIGHTING INC1,11/27/2015 16:00,18.468
SP,S1 GF LIGHTING INC1,11/27/2015 17:00,18.608
SP,S1 GF LIGHTING INC1,11/27/2015 18:00,18.062
SP,S1 GF LIGHTING INC1,11/27/2015 19:00,18.38
SP,S1 GF LIGHTING INC1,11/27/2015 20:00,15.598
SP,S1 GF LIGHTING INC1,11/27/2015 21:00,10.312
SP,S1 GF LIGHTING INC1,11/27/2015 22:00,8.866
SP,S1 GF LIGHTING INC1,11/27/2015 23:00,7.64
SP,S1 GF LIGHTING INC1,11/28/2015 0:00,7.13
SP,S1 GF LIGHTING INC1,11/28/2015 1:00,6.318
SP,S1 GF LIGHTING INC1,11/28/2015 2:00,6.96
SP,S1 GF LIGHTING INC1,11/28/2015 3:00,7.54
SP,S1 GF LIGHTING INC1,11/28/2015 4:00,8.158
SP,S1 GF LIGHTING INC1,11/28/2015 5:00,6.364
SP,S1 GF LIGHTING INC1,11/28/2015 6:00,6.532
SP,S1 GF LIGHTING INC1,11/28/2015 7:00,6.576
SP,S1 GF LIGHTING INC1,11/28/2015 8:00,6.604
SP,S1 GF LIGHTING INC1,11/28/2015 9:00,9.01
SP,S1 GF LIGHTING INC1,11/28/2015 10:00,12.322
SP,S1 GF LIGHTING INC1,11/28/2015 11:00,15.072
SP,S1 GF LIGHTING INC1,11/28/2015 12:00,17.492
SP,S1 GF LIGHTING INC1,11/28/2015 13:00,16.14
SP,S1 GF LIGHTING INC1,11/28/2015 14:00,16.048
SP,S1 GF LIGHTING INC1,11/28/2015 15:00,16.756
SP,S1 GF LIGHTING INC1,11/28/2015 16:00,16.05
SP,S1 GF LIGHTING INC1,11/28/2015 17:00,15.032
SP,S1 GF LIGHTING INC1,11/28/2015 18:00,11.95
SP,S1 GF LIGHTING INC1,11/28/2015 19:00,9.812
SP,S1 GF LIGHTING INC1,11/28/2015 20:00,7.354
SP,S1 GF LIGHTING INC1,11/28/2015 21:00,7.124
SP,S1 GF LIGHTING INC1,11/28/2015 22:00,7.196
SP,S1 GF LIGHTING INC1,11/28/2015 23:00,6.722
SP,S1 GF LIGHTING INC1,11/29/2015 0:00,6.282
SP,S1 GF LIGHTING INC1,11/29/2015 1:00,6.274
SP,S1 GF LIGHTING INC1,11/29/2015 2:00,6.038
SP,S1 GF LIGHTING INC1,11/29/2015 3:00,6.016
SP,S1 GF LIGHTING INC1,11/29/2015 4:00,5.988
SP,S1 GF LIGHTING INC1,11/29/2015 5:00,6.294
SP,S1 GF LIGHTING INC1,11/29/2015 6:00,6.01
SP,S1 GF LIGHTING INC1,11/29/2015 7:00,6.426
SP,S1 GF LIGHTING INC1,11/29/2015 8:00,8.164
SP,S1 GF LIGHTING INC1,11/29/2015 9:00,7.702
SP,S1 GF LIGHTING INC1,11/29/2015 10:00,7.862
SP,S1 GF LIGHTING INC1,11/29/2015 11:00,8.758
SP,S1 GF LIGHTING INC1,11/29/2015 12:00,8.766
SP,S1 GF LIGHTING INC1,11/29/2015 13:00,7.4
SP,S1 GF LIGHTING INC1,11/29/2015 14:00,6.452
SP,S1 GF LIGHTING INC1,11/29/2015 15:00,6.6
SP,S1 GF LIGHTING INC1,11/29/2015 16:00,6.058
SP,S1 GF LIGHTING INC1,11/29/2015 17:00,6.008
SP,S1 GF LIGHTING INC1,11/29/2015 18:00,5.69
SP,S1 GF LIGHTING INC1,11/29/2015 19:00,6.198
SP,S1 GF LIGHTING INC1,11/29/2015 20:00,5.856
SP,S1 GF LIGHTING INC1,11/29/2015 21:00,5.794
SP,S1 GF LIGHTING INC1,11/29/2015 22:00,6.45
SP,S1 GF LIGHTING INC1,11/29/2015 23:00,6.466
SP,S1 GF LIGHTING INC1,11/30/2015 0:00,6.428
SP,S1 GF LIGHTING INC1,11/30/2015 1:00,6.6
SP,S1 GF LIGHTING INC1,11/30/2015 2:00,6.44
SP,S1 GF LIGHTING INC1,11/30/2015 3:00,6.466
SP,S1 GF LIGHTING INC1,11/30/2015 4:00,6.472
SP,S1 GF LIGHTING INC1,11/30/2015 5:00,6.56
SP,S1 GF LIGHTING INC1,11/30/2015 6:00,6.948
SP,S1 GF LIGHTING INC1,11/30/2015 7:00,6.848
SP,S1 GF LIGHTING INC1,11/30/2015 8:00,7.52
SP,S1 GF LIGHTING INC1,11/30/2015 9:00,9.998
SP,S1 GF LIGHTING INC1,11/30/2015 10:00,13.754
SP,S1 GF LIGHTING INC1,11/30/2015 11:00,17.51
SP,S1 GF LIGHTING INC1,11/30/2015 12:00,18.964
SP,S1 GF LIGHTING INC1,11/30/2015 13:00,18.19
SP,S1 GF LIGHTING INC1,11/30/2015 14:00,18.358
SP,S1 GF LIGHTING INC1,11/30/2015 15:00,19.658
SP,S1 GF LIGHTING INC1,11/30/2015 16:00,19.708
SP,S1 GF LIGHTING INC1,11/30/2015 17:00,19.228
SP,S1 GF LIGHTING INC1,11/30/2015 18:00,19.378
SP,S1 GF LIGHTING INC1,11/30/2015 19:00,19.23
SP,S1 GF LIGHTING INC1,11/30/2015 20:00,17.658
SP,S1 GF LIGHTING INC1,11/30/2015 21:00,14.648
SP,S1 GF LIGHTING INC1,11/30/2015 22:00,13.572
SP,S1 GF LIGHTING INC1,11/30/2015 23:00,11.74